"","Neighborhood","Airbnb","Date","City","ZRI"
"1","Bay Village",24,2016-09-01,"Boston",2855
"2","Bay Village",23,2016-08-01,"Boston",2852
"3","Bay Village",23,2016-07-01,"Boston",2855
"4","Bay Village",23,2016-06-01,"Boston",2860
"5","Bay Village",21,2016-05-01,"Boston",2864
"6","Bay Village",20,2016-04-01,"Boston",2856
"7","Bay Village",20,2016-03-01,"Boston",2849
"8","Bay Village",20,2016-02-01,"Boston",2836
"9","Bay Village",19,2016-01-01,"Boston",2844
"10","Bay Village",19,2015-12-01,"Boston",2868
"11","Bay Village",19,2015-11-01,"Boston",2902
"12","Bay Village",19,2015-10-01,"Boston",2930
"13","Bay Village",19,2015-09-01,"Boston",2944
"14","Bay Village",18,2015-08-01,"Boston",2953
"15","Bay Village",18,2015-07-01,"Boston",2957
"16","Bay Village",18,2015-06-01,"Boston",2957
"17","Bay Village",18,2015-05-01,"Boston",2956
"18","Bay Village",17,2015-04-01,"Boston",2965
"19","Bay Village",16,2015-03-01,"Boston",2976
"20","Bay Village",15,2015-02-01,"Boston",2961
"21","Bay Village",14,2015-01-01,"Boston",2958
"22","Bay Village",13,2014-12-01,"Boston",2953
"23","Bay Village",13,2014-11-01,"Boston",2952
"24","Bay Village",12,2014-10-01,"Boston",2953
"25","Bay Village",10,2014-09-01,"Boston",2951
"26","Bay Village",10,2014-08-01,"Boston",2948
"27","Bay Village",10,2014-07-01,"Boston",2932
"28","Bay Village",10,2014-06-01,"Boston",2923
"29","Bay Village",9,2014-05-01,"Boston",2917
"30","Bay Village",9,2014-04-01,"Boston",2929
"31","Bay Village",9,2014-03-01,"Boston",2938
"32","Bay Village",9,2014-02-01,"Boston",2946
"33","Bay Village",9,2014-01-01,"Boston",2933
"34","Bay Village",6,2013-12-01,"Boston",2912
"35","Bay Village",6,2013-11-01,"Boston",2888
"36","Bay Village",6,2013-10-01,"Boston",2887
"37","Bay Village",6,2013-09-01,"Boston",2872
"38","Bay Village",6,2013-08-01,"Boston",2861
"39","Bay Village",6,2013-07-01,"Boston",2846
"40","Bay Village",6,2013-06-01,"Boston",2857
"41","Bay Village",6,2013-05-01,"Boston",2870
"42","Bay Village",6,2013-04-01,"Boston",2866
"43","Bay Village",6,2013-03-01,"Boston",2830
"44","Bay Village",6,2013-02-01,"Boston",2803
"45","Bay Village",6,2013-01-01,"Boston",2776
"46","Bay Village",6,2012-12-01,"Boston",2742
"47","Bay Village",6,2012-11-01,"Boston",2716
"48","Bay Village",6,2012-10-01,"Boston",2722
"49","Bay Village",6,2012-09-01,"Boston",2753
"50","Bay Village",6,2012-08-01,"Boston",2763
"51","Bay Village",6,2012-07-01,"Boston",2768
"52","Bay Village",6,2012-06-01,"Boston",2723
"53","Bay Village",2,2012-05-01,"Boston",2682
"54","Bay Village",2,2012-04-01,"Boston",2637
"55","Bay Village",2,2012-03-01,"Boston",2627
"56","Bay Village",2,2012-02-01,"Boston",2618
"57","Bay Village",2,2012-01-01,"Boston",2599
"58","Bay Village",2,2011-12-01,"Boston",2582
"59","Bay Village",2,2011-11-01,"Boston",2561
"60","Bay Village",2,2011-10-01,"Boston",2534
"61","Bay Village",1,2011-09-01,"Boston",2482
"62","Bay Village",1,2011-08-01,"Boston",2450
"63","Bay Village",1,2011-07-01,"Boston",2449
"64","Bay Village",1,2011-06-01,"Boston",2465
"65","Bay Village",1,2011-05-01,"Boston",2474
"66","Bay Village",0,2011-04-01,"Boston",2477
"67","Bay Village",0,2011-03-01,"Boston",2479
"68","Bay Village",0,2011-02-01,"Boston",2516
"69","Bay Village",0,2011-01-01,"Boston",2552
"70","Bay Village",0,2010-12-01,"Boston",2576
"71","Bay Village",0,2010-11-01,"Boston",2579
"72","Downtown",172,2016-09-01,"Boston",3205
"73","Downtown",170,2016-08-01,"Boston",3237
"74","Downtown",164,2016-07-01,"Boston",3267
"75","Downtown",164,2016-06-01,"Boston",3292
"76","Downtown",161,2016-05-01,"Boston",3302
"77","Downtown",160,2016-04-01,"Boston",3298
"78","Downtown",160,2016-03-01,"Boston",3288
"79","Downtown",159,2016-02-01,"Boston",3288
"80","Downtown",154,2016-01-01,"Boston",3276
"81","Downtown",154,2015-12-01,"Boston",3270
"82","Downtown",152,2015-11-01,"Boston",3258
"83","Downtown",147,2015-10-01,"Boston",3264
"84","Downtown",141,2015-09-01,"Boston",3257
"85","Downtown",138,2015-08-01,"Boston",3253
"86","Downtown",135,2015-07-01,"Boston",3227
"87","Downtown",134,2015-06-01,"Boston",3228
"88","Downtown",133,2015-05-01,"Boston",3208
"89","Downtown",128,2015-04-01,"Boston",3206
"90","Downtown",121,2015-03-01,"Boston",3170
"91","Downtown",117,2015-02-01,"Boston",3152
"92","Downtown",111,2015-01-01,"Boston",3131
"93","Downtown",110,2014-12-01,"Boston",3142
"94","Downtown",109,2014-11-01,"Boston",3175
"95","Downtown",104,2014-10-01,"Boston",3224
"96","Downtown",98,2014-09-01,"Boston",3246
"97","Downtown",91,2014-08-01,"Boston",3275
"98","Downtown",87,2014-07-01,"Boston",3257
"99","Downtown",84,2014-06-01,"Boston",3236
"100","Downtown",82,2014-05-01,"Boston",3202
"101","Downtown",82,2014-04-01,"Boston",3209
"102","Downtown",81,2014-03-01,"Boston",3258
"103","Downtown",74,2014-02-01,"Boston",3287
"104","Downtown",69,2014-01-01,"Boston",3294
"105","Downtown",67,2013-12-01,"Boston",3257
"106","Downtown",67,2013-11-01,"Boston",3249
"107","Downtown",64,2013-10-01,"Boston",3206
"108","Downtown",64,2013-09-01,"Boston",3172
"109","Downtown",64,2013-08-01,"Boston",3116
"110","Downtown",62,2013-07-01,"Boston",3148
"111","Downtown",61,2013-06-01,"Boston",3170
"112","Downtown",60,2013-05-01,"Boston",3238
"113","Downtown",60,2013-04-01,"Boston",3254
"114","Downtown",57,2013-03-01,"Boston",3273
"115","Downtown",46,2013-02-01,"Boston",3248
"116","Downtown",46,2013-01-01,"Boston",3254
"117","Downtown",46,2012-12-01,"Boston",3253
"118","Downtown",46,2012-11-01,"Boston",3219
"119","Downtown",45,2012-10-01,"Boston",3124
"120","Downtown",45,2012-09-01,"Boston",3058
"121","Downtown",39,2012-08-01,"Boston",3008
"122","Downtown",39,2012-07-01,"Boston",2973
"123","Downtown",38,2012-06-01,"Boston",2932
"124","Downtown",31,2012-05-01,"Boston",2897
"125","Downtown",30,2012-04-01,"Boston",2859
"126","Downtown",28,2012-03-01,"Boston",2810
"127","Downtown",27,2012-02-01,"Boston",2784
"128","Downtown",27,2012-01-01,"Boston",2763
"129","Downtown",27,2011-12-01,"Boston",2748
"130","Downtown",27,2011-11-01,"Boston",2747
"131","Downtown",27,2011-10-01,"Boston",2773
"132","Downtown",26,2011-09-01,"Boston",2815
"133","Downtown",26,2011-08-01,"Boston",2843
"134","Downtown",25,2011-07-01,"Boston",2830
"135","Downtown",23,2011-06-01,"Boston",2815
"136","Downtown",23,2011-05-01,"Boston",2789
"137","Downtown",19,2011-04-01,"Boston",2770
"138","Downtown",19,2011-03-01,"Boston",2755
"139","Downtown",18,2011-02-01,"Boston",2765
"140","Downtown",18,2011-01-01,"Boston",2783
"141","Downtown",18,2010-12-01,"Boston",2795
"142","Downtown",18,2010-11-01,"Boston",2779
"143","West End",49,2016-09-01,"Boston",2667
"144","West End",48,2016-08-01,"Boston",2662
"145","West End",48,2016-07-01,"Boston",2660
"146","West End",48,2016-06-01,"Boston",2659
"147","West End",48,2016-05-01,"Boston",2666
"148","West End",48,2016-04-01,"Boston",2647
"149","West End",48,2016-03-01,"Boston",2645
"150","West End",48,2016-02-01,"Boston",2640
"151","West End",47,2016-01-01,"Boston",2657
"152","West End",47,2015-12-01,"Boston",2657
"153","West End",47,2015-11-01,"Boston",2660
"154","West End",47,2015-10-01,"Boston",2673
"155","West End",46,2015-09-01,"Boston",2694
"156","West End",45,2015-08-01,"Boston",2728
"157","West End",45,2015-07-01,"Boston",2747
"158","West End",43,2015-06-01,"Boston",2759
"159","West End",43,2015-05-01,"Boston",2746
"160","West End",43,2015-04-01,"Boston",2740
"161","West End",24,2015-03-01,"Boston",2727
"162","West End",24,2015-02-01,"Boston",2724
"163","West End",24,2015-01-01,"Boston",2714
"164","West End",23,2014-12-01,"Boston",2711
"165","West End",22,2014-11-01,"Boston",2718
"166","West End",21,2014-10-01,"Boston",2729
"167","West End",21,2014-09-01,"Boston",2747
"168","West End",18,2014-08-01,"Boston",2771
"169","West End",18,2014-07-01,"Boston",2780
"170","West End",18,2014-06-01,"Boston",2783
"171","West End",18,2014-05-01,"Boston",2773
"172","West End",17,2014-04-01,"Boston",2761
"173","West End",17,2014-03-01,"Boston",2744
"174","West End",17,2014-02-01,"Boston",2727
"175","West End",17,2014-01-01,"Boston",2723
"176","West End",17,2013-12-01,"Boston",2723
"177","West End",17,2013-11-01,"Boston",2730
"178","West End",13,2013-10-01,"Boston",2729
"179","West End",13,2013-09-01,"Boston",2700
"180","West End",13,2013-08-01,"Boston",2663
"181","West End",13,2013-07-01,"Boston",2649
"182","West End",13,2013-06-01,"Boston",2629
"183","West End",13,2013-05-01,"Boston",2617
"184","West End",13,2013-04-01,"Boston",2608
"185","West End",13,2013-03-01,"Boston",2602
"186","West End",9,2013-02-01,"Boston",2599
"187","West End",9,2013-01-01,"Boston",2584
"188","West End",9,2012-12-01,"Boston",2584
"189","West End",9,2012-11-01,"Boston",2565
"190","West End",9,2012-10-01,"Boston",2544
"191","West End",9,2012-09-01,"Boston",2524
"192","West End",9,2012-08-01,"Boston",2509
"193","West End",9,2012-07-01,"Boston",2502
"194","West End",9,2012-06-01,"Boston",2494
"195","West End",9,2012-05-01,"Boston",2489
"196","West End",9,2012-04-01,"Boston",2491
"197","West End",9,2012-03-01,"Boston",2504
"198","West End",9,2012-02-01,"Boston",2501
"199","West End",9,2012-01-01,"Boston",2482
"200","West End",8,2011-12-01,"Boston",2438
"201","West End",8,2011-11-01,"Boston",2406
"202","West End",8,2011-10-01,"Boston",2379
"203","West End",8,2011-09-01,"Boston",2356
"204","West End",8,2011-08-01,"Boston",2322
"205","West End",8,2011-07-01,"Boston",2287
"206","West End",8,2011-06-01,"Boston",2273
"207","West End",8,2011-05-01,"Boston",2283
"208","West End",7,2011-04-01,"Boston",2293
"209","West End",7,2011-03-01,"Boston",2283
"210","West End",7,2011-02-01,"Boston",2285
"211","West End",7,2011-01-01,"Boston",2290
"212","West End",7,2010-12-01,"Boston",2297
"213","West End",7,2010-11-01,"Boston",2284
"214","Chinatown",70,2016-09-01,"Boston",2950
"215","Chinatown",69,2016-08-01,"Boston",2952
"216","Chinatown",66,2016-07-01,"Boston",2951
"217","Chinatown",66,2016-06-01,"Boston",2964
"218","Chinatown",65,2016-05-01,"Boston",2967
"219","Chinatown",65,2016-04-01,"Boston",2956
"220","Chinatown",65,2016-03-01,"Boston",2935
"221","Chinatown",64,2016-02-01,"Boston",2930
"222","Chinatown",64,2016-01-01,"Boston",2942
"223","Chinatown",64,2015-12-01,"Boston",2966
"224","Chinatown",64,2015-11-01,"Boston",2983
"225","Chinatown",63,2015-10-01,"Boston",2998
"226","Chinatown",63,2015-09-01,"Boston",3052
"227","Chinatown",63,2015-08-01,"Boston",3087
"228","Chinatown",61,2015-07-01,"Boston",3111
"229","Chinatown",60,2015-06-01,"Boston",3076
"230","Chinatown",59,2015-05-01,"Boston",3041
"231","Chinatown",57,2015-04-01,"Boston",3009
"232","Chinatown",33,2015-03-01,"Boston",2976
"233","Chinatown",33,2015-02-01,"Boston",2945
"234","Chinatown",33,2015-01-01,"Boston",2934
"235","Chinatown",33,2014-12-01,"Boston",2919
"236","Chinatown",33,2014-11-01,"Boston",2923
"237","Chinatown",29,2014-10-01,"Boston",2922
"238","Chinatown",29,2014-09-01,"Boston",2919
"239","Chinatown",28,2014-08-01,"Boston",2904
"240","Chinatown",28,2014-07-01,"Boston",2895
"241","Chinatown",28,2014-06-01,"Boston",2892
"242","Chinatown",27,2014-05-01,"Boston",2908
"243","Chinatown",24,2014-04-01,"Boston",2934
"244","Chinatown",24,2014-03-01,"Boston",2967
"245","Chinatown",22,2014-02-01,"Boston",2984
"246","Chinatown",21,2014-01-01,"Boston",2966
"247","Chinatown",21,2013-12-01,"Boston",2963
"248","Chinatown",21,2013-11-01,"Boston",2946
"249","Chinatown",14,2013-10-01,"Boston",2943
"250","Chinatown",14,2013-09-01,"Boston",2911
"251","Chinatown",14,2013-08-01,"Boston",2900
"252","Chinatown",14,2013-07-01,"Boston",2892
"253","Chinatown",14,2013-06-01,"Boston",2904
"254","Chinatown",14,2013-05-01,"Boston",2908
"255","Chinatown",14,2013-04-01,"Boston",2901
"256","Chinatown",12,2013-03-01,"Boston",2873
"257","Chinatown",10,2013-02-01,"Boston",2834
"258","Chinatown",10,2013-01-01,"Boston",2792
"259","Chinatown",10,2012-12-01,"Boston",2755
"260","Chinatown",10,2012-11-01,"Boston",2720
"261","Chinatown",9,2012-10-01,"Boston",2716
"262","Chinatown",9,2012-09-01,"Boston",2702
"263","Chinatown",9,2012-08-01,"Boston",2701
"264","Chinatown",4,2012-07-01,"Boston",2686
"265","Chinatown",4,2012-06-01,"Boston",2677
"266","Chinatown",4,2012-05-01,"Boston",2662
"267","Chinatown",4,2012-04-01,"Boston",2655
"268","Chinatown",4,2012-03-01,"Boston",2654
"269","Chinatown",4,2012-02-01,"Boston",2659
"270","Chinatown",4,2012-01-01,"Boston",2656
"271","Chinatown",4,2011-12-01,"Boston",2643
"272","Chinatown",4,2011-11-01,"Boston",2626
"273","Chinatown",4,2011-10-01,"Boston",2604
"274","Chinatown",4,2011-09-01,"Boston",2562
"275","Chinatown",4,2011-08-01,"Boston",2510
"276","Chinatown",4,2011-07-01,"Boston",2481
"277","Chinatown",4,2011-06-01,"Boston",2468
"278","Chinatown",4,2011-05-01,"Boston",2457
"279","Chinatown",4,2011-04-01,"Boston",2439
"280","Chinatown",4,2011-03-01,"Boston",2440
"281","Chinatown",4,2011-02-01,"Boston",2459
"282","Chinatown",4,2011-01-01,"Boston",2490
"283","Chinatown",4,2010-12-01,"Boston",2488
"284","Chinatown",4,2010-11-01,"Boston",2489
"285","Beacon Hill",194,2016-09-01,"Boston",2707
"286","Beacon Hill",191,2016-08-01,"Boston",2706
"287","Beacon Hill",187,2016-07-01,"Boston",2700
"288","Beacon Hill",184,2016-06-01,"Boston",2696
"289","Beacon Hill",184,2016-05-01,"Boston",2698
"290","Beacon Hill",184,2016-04-01,"Boston",2694
"291","Beacon Hill",182,2016-03-01,"Boston",2693
"292","Beacon Hill",179,2016-02-01,"Boston",2686
"293","Beacon Hill",176,2016-01-01,"Boston",2691
"294","Beacon Hill",171,2015-12-01,"Boston",2690
"295","Beacon Hill",166,2015-11-01,"Boston",2695
"296","Beacon Hill",158,2015-10-01,"Boston",2708
"297","Beacon Hill",154,2015-09-01,"Boston",2731
"298","Beacon Hill",148,2015-08-01,"Boston",2755
"299","Beacon Hill",146,2015-07-01,"Boston",2771
"300","Beacon Hill",140,2015-06-01,"Boston",2779
"301","Beacon Hill",136,2015-05-01,"Boston",2767
"302","Beacon Hill",133,2015-04-01,"Boston",2754
"303","Beacon Hill",129,2015-03-01,"Boston",2736
"304","Beacon Hill",121,2015-02-01,"Boston",2727
"305","Beacon Hill",117,2015-01-01,"Boston",2723
"306","Beacon Hill",116,2014-12-01,"Boston",2735
"307","Beacon Hill",114,2014-11-01,"Boston",2753
"308","Beacon Hill",102,2014-10-01,"Boston",2764
"309","Beacon Hill",90,2014-09-01,"Boston",2754
"310","Beacon Hill",89,2014-08-01,"Boston",2740
"311","Beacon Hill",87,2014-07-01,"Boston",2732
"312","Beacon Hill",85,2014-06-01,"Boston",2730
"313","Beacon Hill",83,2014-05-01,"Boston",2729
"314","Beacon Hill",81,2014-04-01,"Boston",2723
"315","Beacon Hill",80,2014-03-01,"Boston",2715
"316","Beacon Hill",78,2014-02-01,"Boston",2712
"317","Beacon Hill",74,2014-01-01,"Boston",2702
"318","Beacon Hill",70,2013-12-01,"Boston",2699
"319","Beacon Hill",70,2013-11-01,"Boston",2690
"320","Beacon Hill",63,2013-10-01,"Boston",2689
"321","Beacon Hill",61,2013-09-01,"Boston",2675
"322","Beacon Hill",58,2013-08-01,"Boston",2668
"323","Beacon Hill",57,2013-07-01,"Boston",2663
"324","Beacon Hill",51,2013-06-01,"Boston",2661
"325","Beacon Hill",50,2013-05-01,"Boston",2663
"326","Beacon Hill",48,2013-04-01,"Boston",2658
"327","Beacon Hill",43,2013-03-01,"Boston",2649
"328","Beacon Hill",43,2013-02-01,"Boston",2624
"329","Beacon Hill",42,2013-01-01,"Boston",2604
"330","Beacon Hill",41,2012-12-01,"Boston",2587
"331","Beacon Hill",41,2012-11-01,"Boston",2570
"332","Beacon Hill",40,2012-10-01,"Boston",2556
"333","Beacon Hill",37,2012-09-01,"Boston",2552
"334","Beacon Hill",37,2012-08-01,"Boston",2541
"335","Beacon Hill",34,2012-07-01,"Boston",2531
"336","Beacon Hill",33,2012-06-01,"Boston",2513
"337","Beacon Hill",31,2012-05-01,"Boston",2502
"338","Beacon Hill",29,2012-04-01,"Boston",2497
"339","Beacon Hill",27,2012-03-01,"Boston",2493
"340","Beacon Hill",27,2012-02-01,"Boston",2487
"341","Beacon Hill",25,2012-01-01,"Boston",2471
"342","Beacon Hill",25,2011-12-01,"Boston",2445
"343","Beacon Hill",20,2011-11-01,"Boston",2418
"344","Beacon Hill",20,2011-10-01,"Boston",2390
"345","Beacon Hill",19,2011-09-01,"Boston",2361
"346","Beacon Hill",19,2011-08-01,"Boston",2336
"347","Beacon Hill",16,2011-07-01,"Boston",2314
"348","Beacon Hill",13,2011-06-01,"Boston",2298
"349","Beacon Hill",13,2011-05-01,"Boston",2284
"350","Beacon Hill",13,2011-04-01,"Boston",2278
"351","Beacon Hill",13,2011-03-01,"Boston",2280
"352","Beacon Hill",13,2011-02-01,"Boston",2294
"353","Beacon Hill",12,2011-01-01,"Boston",2307
"354","Beacon Hill",9,2010-12-01,"Boston",2303
"355","Beacon Hill",7,2010-11-01,"Boston",2288
"356","North End",143,2016-09-01,"Boston",2641
"357","North End",143,2016-08-01,"Boston",2631
"358","North End",142,2016-07-01,"Boston",2628
"359","North End",137,2016-06-01,"Boston",2631
"360","North End",136,2016-05-01,"Boston",2630
"361","North End",126,2016-04-01,"Boston",2624
"362","North End",125,2016-03-01,"Boston",2622
"363","North End",125,2016-02-01,"Boston",2615
"364","North End",123,2016-01-01,"Boston",2611
"365","North End",120,2015-12-01,"Boston",2606
"366","North End",118,2015-11-01,"Boston",2618
"367","North End",116,2015-10-01,"Boston",2630
"368","North End",113,2015-09-01,"Boston",2647
"369","North End",110,2015-08-01,"Boston",2662
"370","North End",107,2015-07-01,"Boston",2670
"371","North End",102,2015-06-01,"Boston",2686
"372","North End",100,2015-05-01,"Boston",2680
"373","North End",98,2015-04-01,"Boston",2679
"374","North End",95,2015-03-01,"Boston",2657
"375","North End",94,2015-02-01,"Boston",2650
"376","North End",92,2015-01-01,"Boston",2640
"377","North End",88,2014-12-01,"Boston",2641
"378","North End",86,2014-11-01,"Boston",2645
"379","North End",84,2014-10-01,"Boston",2647
"380","North End",78,2014-09-01,"Boston",2650
"381","North End",77,2014-08-01,"Boston",2646
"382","North End",76,2014-07-01,"Boston",2642
"383","North End",75,2014-06-01,"Boston",2632
"384","North End",75,2014-05-01,"Boston",2628
"385","North End",72,2014-04-01,"Boston",2618
"386","North End",71,2014-03-01,"Boston",2613
"387","North End",70,2014-02-01,"Boston",2619
"388","North End",69,2014-01-01,"Boston",2636
"389","North End",63,2013-12-01,"Boston",2658
"390","North End",62,2013-11-01,"Boston",2674
"391","North End",56,2013-10-01,"Boston",2689
"392","North End",55,2013-09-01,"Boston",2674
"393","North End",55,2013-08-01,"Boston",2654
"394","North End",55,2013-07-01,"Boston",2637
"395","North End",53,2013-06-01,"Boston",2621
"396","North End",52,2013-05-01,"Boston",2612
"397","North End",52,2013-04-01,"Boston",2602
"398","North End",38,2013-03-01,"Boston",2592
"399","North End",37,2013-02-01,"Boston",2578
"400","North End",35,2013-01-01,"Boston",2547
"401","North End",35,2012-12-01,"Boston",2518
"402","North End",34,2012-11-01,"Boston",2483
"403","North End",33,2012-10-01,"Boston",2471
"404","North End",26,2012-09-01,"Boston",2472
"405","North End",24,2012-08-01,"Boston",2482
"406","North End",23,2012-07-01,"Boston",2486
"407","North End",23,2012-06-01,"Boston",2473
"408","North End",23,2012-05-01,"Boston",2463
"409","North End",23,2012-04-01,"Boston",2450
"410","North End",18,2012-03-01,"Boston",2444
"411","North End",16,2012-02-01,"Boston",2431
"412","North End",13,2012-01-01,"Boston",2418
"413","North End",13,2011-12-01,"Boston",2389
"414","North End",12,2011-11-01,"Boston",2355
"415","North End",11,2011-10-01,"Boston",2323
"416","North End",8,2011-09-01,"Boston",2294
"417","North End",8,2011-08-01,"Boston",2273
"418","North End",8,2011-07-01,"Boston",2257
"419","North End",8,2011-06-01,"Boston",2255
"420","North End",7,2011-05-01,"Boston",2258
"421","North End",7,2011-04-01,"Boston",2268
"422","North End",7,2011-03-01,"Boston",2283
"423","North End",7,2011-02-01,"Boston",2296
"424","North End",7,2011-01-01,"Boston",2303
"425","North End",7,2010-12-01,"Boston",2302
"426","North End",6,2010-11-01,"Boston",2300
"427","Mission Hill",124,2016-09-01,"Boston",2876
"428","Mission Hill",122,2016-08-01,"Boston",2880
"429","Mission Hill",118,2016-07-01,"Boston",2880
"430","Mission Hill",116,2016-06-01,"Boston",2881
"431","Mission Hill",114,2016-05-01,"Boston",2881
"432","Mission Hill",102,2016-04-01,"Boston",2880
"433","Mission Hill",99,2016-03-01,"Boston",2883
"434","Mission Hill",97,2016-02-01,"Boston",2885
"435","Mission Hill",95,2016-01-01,"Boston",2903
"436","Mission Hill",94,2015-12-01,"Boston",2907
"437","Mission Hill",94,2015-11-01,"Boston",2897
"438","Mission Hill",92,2015-10-01,"Boston",2878
"439","Mission Hill",90,2015-09-01,"Boston",2895
"440","Mission Hill",85,2015-08-01,"Boston",2910
"441","Mission Hill",84,2015-07-01,"Boston",2920
"442","Mission Hill",82,2015-06-01,"Boston",2918
"443","Mission Hill",78,2015-05-01,"Boston",2912
"444","Mission Hill",74,2015-04-01,"Boston",2907
"445","Mission Hill",63,2015-03-01,"Boston",2897
"446","Mission Hill",63,2015-02-01,"Boston",2895
"447","Mission Hill",63,2015-01-01,"Boston",2901
"448","Mission Hill",59,2014-12-01,"Boston",2908
"449","Mission Hill",59,2014-11-01,"Boston",2899
"450","Mission Hill",58,2014-10-01,"Boston",2882
"451","Mission Hill",58,2014-09-01,"Boston",2873
"452","Mission Hill",54,2014-08-01,"Boston",2863
"453","Mission Hill",49,2014-07-01,"Boston",2844
"454","Mission Hill",47,2014-06-01,"Boston",2817
"455","Mission Hill",47,2014-05-01,"Boston",2800
"456","Mission Hill",43,2014-04-01,"Boston",2792
"457","Mission Hill",43,2014-03-01,"Boston",2801
"458","Mission Hill",43,2014-02-01,"Boston",2811
"459","Mission Hill",41,2014-01-01,"Boston",2811
"460","Mission Hill",41,2013-12-01,"Boston",2817
"461","Mission Hill",40,2013-11-01,"Boston",2802
"462","Mission Hill",36,2013-10-01,"Boston",2761
"463","Mission Hill",34,2013-09-01,"Boston",2718
"464","Mission Hill",34,2013-08-01,"Boston",2695
"465","Mission Hill",31,2013-07-01,"Boston",2688
"466","Mission Hill",30,2013-06-01,"Boston",2704
"467","Mission Hill",29,2013-05-01,"Boston",2702
"468","Mission Hill",28,2013-04-01,"Boston",2700
"469","Mission Hill",27,2013-03-01,"Boston",2685
"470","Mission Hill",26,2013-02-01,"Boston",2671
"471","Mission Hill",25,2013-01-01,"Boston",2650
"472","Mission Hill",23,2012-12-01,"Boston",2618
"473","Mission Hill",23,2012-11-01,"Boston",2588
"474","Mission Hill",23,2012-10-01,"Boston",2553
"475","Mission Hill",22,2012-09-01,"Boston",2549
"476","Mission Hill",22,2012-08-01,"Boston",2531
"477","Mission Hill",22,2012-07-01,"Boston",2505
"478","Mission Hill",22,2012-06-01,"Boston",2468
"479","Mission Hill",22,2012-05-01,"Boston",2448
"480","Mission Hill",22,2012-04-01,"Boston",2428
"481","Mission Hill",22,2012-03-01,"Boston",2436
"482","Mission Hill",22,2012-02-01,"Boston",2427
"483","Mission Hill",22,2012-01-01,"Boston",2439
"484","Mission Hill",18,2011-12-01,"Boston",2443
"485","Mission Hill",18,2011-11-01,"Boston",2452
"486","Mission Hill",18,2011-10-01,"Boston",2412
"487","Mission Hill",16,2011-09-01,"Boston",2378
"488","Mission Hill",13,2011-08-01,"Boston",2333
"489","Mission Hill",13,2011-07-01,"Boston",2283
"490","Mission Hill",13,2011-06-01,"Boston",2241
"491","Mission Hill",13,2011-05-01,"Boston",2197
"492","Mission Hill",10,2011-04-01,"Boston",2131
"493","Mission Hill",10,2011-03-01,"Boston",2034
"494","Mission Hill",10,2011-02-01,"Boston",1894
"495","Mission Hill",10,2011-01-01,"Boston",1777
"496","Mission Hill",9,2010-12-01,"Boston",1690
"497","Mission Hill",9,2010-11-01,"Boston",1657
"498","Kenmore",0,2016-09-01,"Boston",2430
"499","Kenmore",0,2016-08-01,"Boston",2422
"500","Kenmore",0,2016-07-01,"Boston",2432
"501","Kenmore",0,2016-06-01,"Boston",2441
"502","Kenmore",0,2016-05-01,"Boston",2444
"503","Kenmore",0,2016-04-01,"Boston",2436
"504","Kenmore",0,2016-03-01,"Boston",2405
"505","Kenmore",0,2016-02-01,"Boston",2371
"506","Kenmore",0,2016-01-01,"Boston",2350
"507","Kenmore",0,2015-12-01,"Boston",2349
"508","Kenmore",0,2015-11-01,"Boston",2352
"509","Kenmore",0,2015-10-01,"Boston",2360
"510","Kenmore",0,2015-09-01,"Boston",2375
"511","Kenmore",0,2015-08-01,"Boston",2386
"512","Kenmore",0,2015-07-01,"Boston",2417
"513","Kenmore",0,2015-06-01,"Boston",2428
"514","Kenmore",0,2015-05-01,"Boston",2421
"515","Kenmore",0,2015-04-01,"Boston",2378
"516","Kenmore",0,2015-03-01,"Boston",2349
"517","Kenmore",0,2015-02-01,"Boston",2323
"518","Kenmore",0,2015-01-01,"Boston",2331
"519","Kenmore",0,2014-12-01,"Boston",2320
"520","Kenmore",0,2014-11-01,"Boston",2321
"521","Kenmore",0,2014-10-01,"Boston",2329
"522","Kenmore",0,2014-09-01,"Boston",2353
"523","Kenmore",0,2014-08-01,"Boston",2383
"524","Kenmore",0,2014-07-01,"Boston",2387
"525","Kenmore",0,2014-06-01,"Boston",2365
"526","Kenmore",0,2014-05-01,"Boston",2333
"527","Kenmore",0,2014-04-01,"Boston",2318
"528","Kenmore",0,2014-03-01,"Boston",2325
"529","Kenmore",0,2014-02-01,"Boston",2347
"530","Kenmore",0,2014-01-01,"Boston",2368
"531","Kenmore",0,2013-12-01,"Boston",2398
"532","Kenmore",0,2013-11-01,"Boston",2411
"533","Kenmore",0,2013-10-01,"Boston",2431
"534","Kenmore",0,2013-09-01,"Boston",2417
"535","Kenmore",0,2013-08-01,"Boston",2383
"536","Kenmore",0,2013-07-01,"Boston",2336
"537","Kenmore",0,2013-06-01,"Boston",2296
"538","Kenmore",0,2013-05-01,"Boston",2282
"539","Kenmore",0,2013-04-01,"Boston",2304
"540","Kenmore",0,2013-03-01,"Boston",2325
"541","Kenmore",0,2013-02-01,"Boston",2343
"542","Kenmore",0,2013-01-01,"Boston",2347
"543","Kenmore",0,2012-12-01,"Boston",2322
"544","Kenmore",0,2012-11-01,"Boston",2290
"545","Kenmore",0,2012-10-01,"Boston",2284
"546","Kenmore",0,2012-09-01,"Boston",2259
"547","Kenmore",0,2012-08-01,"Boston",2254
"548","Kenmore",0,2012-07-01,"Boston",2253
"549","Kenmore",0,2012-06-01,"Boston",2277
"550","Kenmore",0,2012-05-01,"Boston",2291
"551","Kenmore",0,2012-04-01,"Boston",2300
"552","Kenmore",0,2012-03-01,"Boston",2303
"553","Kenmore",0,2012-02-01,"Boston",2268
"554","Kenmore",0,2012-01-01,"Boston",2231
"555","Kenmore",0,2011-12-01,"Boston",2187
"556","Kenmore",0,2011-11-01,"Boston",2155
"557","Kenmore",0,2011-10-01,"Boston",2132
"558","Kenmore",0,2011-09-01,"Boston",2096
"559","Kenmore",0,2011-08-01,"Boston",2060
"560","Kenmore",0,2011-07-01,"Boston",2031
"561","Kenmore",0,2011-06-01,"Boston",2020
"562","Kenmore",0,2011-05-01,"Boston",2030
"563","Kenmore",0,2011-04-01,"Boston",2024
"564","Kenmore",0,2011-03-01,"Boston",2004
"565","Kenmore",0,2011-02-01,"Boston",1986
"566","Kenmore",0,2011-01-01,"Boston",1990
"567","Kenmore",0,2010-12-01,"Boston",2009
"568","Kenmore",0,2010-11-01,"Boston",2022
"569","Charlestown",110,2016-09-01,"Boston",2737
"570","Charlestown",108,2016-08-01,"Boston",2736
"571","Charlestown",107,2016-07-01,"Boston",2741
"572","Charlestown",105,2016-06-01,"Boston",2758
"573","Charlestown",102,2016-05-01,"Boston",2769
"574","Charlestown",101,2016-04-01,"Boston",2781
"575","Charlestown",100,2016-03-01,"Boston",2782
"576","Charlestown",98,2016-02-01,"Boston",2776
"577","Charlestown",98,2016-01-01,"Boston",2768
"578","Charlestown",98,2015-12-01,"Boston",2757
"579","Charlestown",96,2015-11-01,"Boston",2760
"580","Charlestown",95,2015-10-01,"Boston",2771
"581","Charlestown",95,2015-09-01,"Boston",2785
"582","Charlestown",92,2015-08-01,"Boston",2773
"583","Charlestown",87,2015-07-01,"Boston",2757
"584","Charlestown",83,2015-06-01,"Boston",2751
"585","Charlestown",82,2015-05-01,"Boston",2734
"586","Charlestown",81,2015-04-01,"Boston",2716
"587","Charlestown",77,2015-03-01,"Boston",2684
"588","Charlestown",74,2015-02-01,"Boston",2678
"589","Charlestown",73,2015-01-01,"Boston",2690
"590","Charlestown",72,2014-12-01,"Boston",2711
"591","Charlestown",71,2014-11-01,"Boston",2709
"592","Charlestown",68,2014-10-01,"Boston",2693
"593","Charlestown",62,2014-09-01,"Boston",2679
"594","Charlestown",59,2014-08-01,"Boston",2700
"595","Charlestown",48,2014-07-01,"Boston",2721
"596","Charlestown",48,2014-06-01,"Boston",2729
"597","Charlestown",46,2014-05-01,"Boston",2722
"598","Charlestown",42,2014-04-01,"Boston",2721
"599","Charlestown",42,2014-03-01,"Boston",2737
"600","Charlestown",42,2014-02-01,"Boston",2752
"601","Charlestown",41,2014-01-01,"Boston",2784
"602","Charlestown",40,2013-12-01,"Boston",2811
"603","Charlestown",40,2013-11-01,"Boston",2814
"604","Charlestown",40,2013-10-01,"Boston",2806
"605","Charlestown",39,2013-09-01,"Boston",2762
"606","Charlestown",39,2013-08-01,"Boston",2725
"607","Charlestown",37,2013-07-01,"Boston",2691
"608","Charlestown",37,2013-06-01,"Boston",2677
"609","Charlestown",35,2013-05-01,"Boston",2674
"610","Charlestown",34,2013-04-01,"Boston",2659
"611","Charlestown",33,2013-03-01,"Boston",2638
"612","Charlestown",32,2013-02-01,"Boston",2617
"613","Charlestown",31,2013-01-01,"Boston",2580
"614","Charlestown",31,2012-12-01,"Boston",2544
"615","Charlestown",29,2012-11-01,"Boston",2512
"616","Charlestown",28,2012-10-01,"Boston",2514
"617","Charlestown",26,2012-09-01,"Boston",2550
"618","Charlestown",22,2012-08-01,"Boston",2577
"619","Charlestown",21,2012-07-01,"Boston",2578
"620","Charlestown",20,2012-06-01,"Boston",2527
"621","Charlestown",19,2012-05-01,"Boston",2492
"622","Charlestown",19,2012-04-01,"Boston",2459
"623","Charlestown",18,2012-03-01,"Boston",2445
"624","Charlestown",18,2012-02-01,"Boston",2406
"625","Charlestown",18,2012-01-01,"Boston",2382
"626","Charlestown",18,2011-12-01,"Boston",2355
"627","Charlestown",16,2011-11-01,"Boston",2334
"628","Charlestown",16,2011-10-01,"Boston",2311
"629","Charlestown",16,2011-09-01,"Boston",2282
"630","Charlestown",16,2011-08-01,"Boston",2244
"631","Charlestown",13,2011-07-01,"Boston",2228
"632","Charlestown",12,2011-06-01,"Boston",2243
"633","Charlestown",11,2011-05-01,"Boston",2262
"634","Charlestown",9,2011-04-01,"Boston",2282
"635","Charlestown",9,2011-03-01,"Boston",2292
"636","Charlestown",7,2011-02-01,"Boston",2288
"637","Charlestown",7,2011-01-01,"Boston",2280
"638","Charlestown",6,2010-12-01,"Boston",2264
"639","Charlestown",6,2010-11-01,"Boston",2273
"640","Back Bay",302,2016-09-01,"Boston",2916
"641","Back Bay",299,2016-08-01,"Boston",2932
"642","Back Bay",294,2016-07-01,"Boston",2956
"643","Back Bay",292,2016-06-01,"Boston",2973
"644","Back Bay",286,2016-05-01,"Boston",2969
"645","Back Bay",282,2016-04-01,"Boston",2949
"646","Back Bay",278,2016-03-01,"Boston",2919
"647","Back Bay",276,2016-02-01,"Boston",2907
"648","Back Bay",274,2016-01-01,"Boston",2913
"649","Back Bay",263,2015-12-01,"Boston",2937
"650","Back Bay",256,2015-11-01,"Boston",2959
"651","Back Bay",251,2015-10-01,"Boston",2978
"652","Back Bay",248,2015-09-01,"Boston",3003
"653","Back Bay",243,2015-08-01,"Boston",3014
"654","Back Bay",238,2015-07-01,"Boston",3018
"655","Back Bay",232,2015-06-01,"Boston",3018
"656","Back Bay",222,2015-05-01,"Boston",3017
"657","Back Bay",217,2015-04-01,"Boston",3030
"658","Back Bay",203,2015-03-01,"Boston",3032
"659","Back Bay",200,2015-02-01,"Boston",3029
"660","Back Bay",197,2015-01-01,"Boston",3032
"661","Back Bay",191,2014-12-01,"Boston",3033
"662","Back Bay",189,2014-11-01,"Boston",3032
"663","Back Bay",173,2014-10-01,"Boston",3032
"664","Back Bay",160,2014-09-01,"Boston",3023
"665","Back Bay",156,2014-08-01,"Boston",3023
"666","Back Bay",145,2014-07-01,"Boston",3018
"667","Back Bay",137,2014-06-01,"Boston",3014
"668","Back Bay",134,2014-05-01,"Boston",3010
"669","Back Bay",132,2014-04-01,"Boston",3010
"670","Back Bay",130,2014-03-01,"Boston",3028
"671","Back Bay",122,2014-02-01,"Boston",3045
"672","Back Bay",119,2014-01-01,"Boston",3037
"673","Back Bay",117,2013-12-01,"Boston",3017
"674","Back Bay",114,2013-11-01,"Boston",2988
"675","Back Bay",98,2013-10-01,"Boston",2980
"676","Back Bay",96,2013-09-01,"Boston",2964
"677","Back Bay",93,2013-08-01,"Boston",2953
"678","Back Bay",90,2013-07-01,"Boston",2948
"679","Back Bay",87,2013-06-01,"Boston",2956
"680","Back Bay",85,2013-05-01,"Boston",2969
"681","Back Bay",82,2013-04-01,"Boston",2969
"682","Back Bay",81,2013-03-01,"Boston",2951
"683","Back Bay",72,2013-02-01,"Boston",2921
"684","Back Bay",72,2013-01-01,"Boston",2896
"685","Back Bay",72,2012-12-01,"Boston",2866
"686","Back Bay",62,2012-11-01,"Boston",2842
"687","Back Bay",61,2012-10-01,"Boston",2845
"688","Back Bay",57,2012-09-01,"Boston",2845
"689","Back Bay",56,2012-08-01,"Boston",2841
"690","Back Bay",53,2012-07-01,"Boston",2825
"691","Back Bay",53,2012-06-01,"Boston",2794
"692","Back Bay",52,2012-05-01,"Boston",2767
"693","Back Bay",51,2012-04-01,"Boston",2742
"694","Back Bay",47,2012-03-01,"Boston",2742
"695","Back Bay",46,2012-02-01,"Boston",2740
"696","Back Bay",44,2012-01-01,"Boston",2735
"697","Back Bay",43,2011-12-01,"Boston",2721
"698","Back Bay",41,2011-11-01,"Boston",2702
"699","Back Bay",40,2011-10-01,"Boston",2681
"700","Back Bay",39,2011-09-01,"Boston",2645
"701","Back Bay",39,2011-08-01,"Boston",2606
"702","Back Bay",34,2011-07-01,"Boston",2580
"703","Back Bay",34,2011-06-01,"Boston",2566
"704","Back Bay",34,2011-05-01,"Boston",2564
"705","Back Bay",32,2011-04-01,"Boston",2560
"706","Back Bay",32,2011-03-01,"Boston",2547
"707","Back Bay",31,2011-02-01,"Boston",2546
"708","Back Bay",31,2011-01-01,"Boston",2559
"709","Back Bay",31,2010-12-01,"Boston",2571
"710","Back Bay",31,2010-11-01,"Boston",2583
"711","Fenway",290,2016-09-01,"Boston",2618
"712","Fenway",282,2016-08-01,"Boston",2608
"713","Fenway",276,2016-07-01,"Boston",2602
"714","Fenway",271,2016-06-01,"Boston",2592
"715","Fenway",260,2016-05-01,"Boston",2595
"716","Fenway",256,2016-04-01,"Boston",2596
"717","Fenway",256,2016-03-01,"Boston",2597
"718","Fenway",253,2016-02-01,"Boston",2593
"719","Fenway",252,2016-01-01,"Boston",2596
"720","Fenway",245,2015-12-01,"Boston",2609
"721","Fenway",240,2015-11-01,"Boston",2616
"722","Fenway",232,2015-10-01,"Boston",2633
"723","Fenway",228,2015-09-01,"Boston",2657
"724","Fenway",221,2015-08-01,"Boston",2673
"725","Fenway",218,2015-07-01,"Boston",2692
"726","Fenway",214,2015-06-01,"Boston",2689
"727","Fenway",203,2015-05-01,"Boston",2678
"728","Fenway",197,2015-04-01,"Boston",2664
"729","Fenway",140,2015-03-01,"Boston",2658
"730","Fenway",136,2015-02-01,"Boston",2650
"731","Fenway",133,2015-01-01,"Boston",2657
"732","Fenway",130,2014-12-01,"Boston",2655
"733","Fenway",126,2014-11-01,"Boston",2648
"734","Fenway",117,2014-10-01,"Boston",2640
"735","Fenway",110,2014-09-01,"Boston",2633
"736","Fenway",104,2014-08-01,"Boston",2645
"737","Fenway",96,2014-07-01,"Boston",2652
"738","Fenway",93,2014-06-01,"Boston",2657
"739","Fenway",90,2014-05-01,"Boston",2644
"740","Fenway",88,2014-04-01,"Boston",2627
"741","Fenway",84,2014-03-01,"Boston",2615
"742","Fenway",81,2014-02-01,"Boston",2608
"743","Fenway",81,2014-01-01,"Boston",2603
"744","Fenway",79,2013-12-01,"Boston",2600
"745","Fenway",74,2013-11-01,"Boston",2591
"746","Fenway",46,2013-10-01,"Boston",2594
"747","Fenway",45,2013-09-01,"Boston",2570
"748","Fenway",44,2013-08-01,"Boston",2547
"749","Fenway",43,2013-07-01,"Boston",2512
"750","Fenway",42,2013-06-01,"Boston",2498
"751","Fenway",39,2013-05-01,"Boston",2484
"752","Fenway",39,2013-04-01,"Boston",2489
"753","Fenway",36,2013-03-01,"Boston",2491
"754","Fenway",35,2013-02-01,"Boston",2507
"755","Fenway",34,2013-01-01,"Boston",2500
"756","Fenway",33,2012-12-01,"Boston",2470
"757","Fenway",30,2012-11-01,"Boston",2438
"758","Fenway",29,2012-10-01,"Boston",2426
"759","Fenway",29,2012-09-01,"Boston",2420
"760","Fenway",29,2012-08-01,"Boston",2408
"761","Fenway",27,2012-07-01,"Boston",2399
"762","Fenway",27,2012-06-01,"Boston",2394
"763","Fenway",27,2012-05-01,"Boston",2390
"764","Fenway",27,2012-04-01,"Boston",2387
"765","Fenway",25,2012-03-01,"Boston",2394
"766","Fenway",24,2012-02-01,"Boston",2393
"767","Fenway",24,2012-01-01,"Boston",2385
"768","Fenway",22,2011-12-01,"Boston",2350
"769","Fenway",22,2011-11-01,"Boston",2309
"770","Fenway",22,2011-10-01,"Boston",2278
"771","Fenway",22,2011-09-01,"Boston",2256
"772","Fenway",20,2011-08-01,"Boston",2226
"773","Fenway",20,2011-07-01,"Boston",2202
"774","Fenway",20,2011-06-01,"Boston",2177
"775","Fenway",20,2011-05-01,"Boston",2170
"776","Fenway",20,2011-04-01,"Boston",2141
"777","Fenway",20,2011-03-01,"Boston",2086
"778","Fenway",20,2011-02-01,"Boston",2013
"779","Fenway",20,2011-01-01,"Boston",1972
"780","Fenway",17,2010-12-01,"Boston",1974
"781","Fenway",17,2010-11-01,"Boston",2004
"782","Allston",260,2016-09-01,"Boston",2347
"783","Allston",257,2016-08-01,"Boston",2344
"784","Allston",255,2016-07-01,"Boston",2337
"785","Allston",246,2016-06-01,"Boston",2336
"786","Allston",245,2016-05-01,"Boston",2336
"787","Allston",237,2016-04-01,"Boston",2340
"788","Allston",235,2016-03-01,"Boston",2335
"789","Allston",234,2016-02-01,"Boston",2327
"790","Allston",230,2016-01-01,"Boston",2332
"791","Allston",221,2015-12-01,"Boston",2345
"792","Allston",211,2015-11-01,"Boston",2352
"793","Allston",208,2015-10-01,"Boston",2359
"794","Allston",204,2015-09-01,"Boston",2365
"795","Allston",196,2015-08-01,"Boston",2374
"796","Allston",190,2015-07-01,"Boston",2388
"797","Allston",184,2015-06-01,"Boston",2377
"798","Allston",180,2015-05-01,"Boston",2371
"799","Allston",158,2015-04-01,"Boston",2367
"800","Allston",151,2015-03-01,"Boston",2338
"801","Allston",148,2015-02-01,"Boston",2303
"802","Allston",138,2015-01-01,"Boston",2258
"803","Allston",128,2014-12-01,"Boston",2239
"804","Allston",127,2014-11-01,"Boston",2233
"805","Allston",124,2014-10-01,"Boston",2258
"806","Allston",122,2014-09-01,"Boston",2292
"807","Allston",111,2014-08-01,"Boston",2322
"808","Allston",100,2014-07-01,"Boston",2336
"809","Allston",98,2014-06-01,"Boston",2335
"810","Allston",94,2014-05-01,"Boston",2314
"811","Allston",90,2014-04-01,"Boston",2285
"812","Allston",87,2014-03-01,"Boston",2288
"813","Allston",66,2014-02-01,"Boston",2270
"814","Allston",64,2014-01-01,"Boston",2275
"815","Allston",64,2013-12-01,"Boston",2251
"816","Allston",59,2013-11-01,"Boston",2234
"817","Allston",54,2013-10-01,"Boston",2231
"818","Allston",52,2013-09-01,"Boston",2227
"819","Allston",40,2013-08-01,"Boston",2212
"820","Allston",40,2013-07-01,"Boston",2204
"821","Allston",38,2013-06-01,"Boston",2204
"822","Allston",36,2013-05-01,"Boston",2223
"823","Allston",32,2013-04-01,"Boston",2201
"824","Allston",31,2013-03-01,"Boston",2154
"825","Allston",28,2013-02-01,"Boston",2109
"826","Allston",28,2013-01-01,"Boston",2119
"827","Allston",27,2012-12-01,"Boston",2126
"828","Allston",26,2012-11-01,"Boston",2135
"829","Allston",26,2012-10-01,"Boston",2130
"830","Allston",24,2012-09-01,"Boston",2103
"831","Allston",23,2012-08-01,"Boston",2077
"832","Allston",23,2012-07-01,"Boston",2056
"833","Allston",23,2012-06-01,"Boston",2044
"834","Allston",22,2012-05-01,"Boston",2017
"835","Allston",20,2012-04-01,"Boston",2012
"836","Allston",17,2012-03-01,"Boston",2024
"837","Allston",17,2012-02-01,"Boston",2028
"838","Allston",17,2012-01-01,"Boston",2016
"839","Allston",17,2011-12-01,"Boston",2007
"840","Allston",17,2011-11-01,"Boston",2004
"841","Allston",17,2011-10-01,"Boston",1996
"842","Allston",16,2011-09-01,"Boston",1953
"843","Allston",15,2011-08-01,"Boston",1926
"844","Allston",14,2011-07-01,"Boston",1911
"845","Allston",11,2011-06-01,"Boston",1918
"846","Allston",11,2011-05-01,"Boston",1939
"847","Allston",9,2011-04-01,"Boston",1983
"848","Allston",9,2011-03-01,"Boston",2037
"849","Allston",8,2011-02-01,"Boston",2100
"850","Allston",8,2011-01-01,"Boston",2153
"851","Allston",8,2010-12-01,"Boston",2187
"852","Allston",8,2010-11-01,"Boston",2182
"853","North Dorchester",0,2016-09-01,"Boston",2445
"854","North Dorchester",0,2016-08-01,"Boston",2452
"855","North Dorchester",0,2016-07-01,"Boston",2470
"856","North Dorchester",0,2016-06-01,"Boston",2487
"857","North Dorchester",0,2016-05-01,"Boston",2496
"858","North Dorchester",0,2016-04-01,"Boston",2477
"859","North Dorchester",0,2016-03-01,"Boston",2442
"860","North Dorchester",0,2016-02-01,"Boston",2397
"861","North Dorchester",0,2016-01-01,"Boston",2370
"862","North Dorchester",0,2015-12-01,"Boston",2358
"863","North Dorchester",0,2015-11-01,"Boston",2350
"864","North Dorchester",0,2015-10-01,"Boston",2345
"865","North Dorchester",0,2015-09-01,"Boston",2353
"866","North Dorchester",0,2015-08-01,"Boston",2357
"867","North Dorchester",0,2015-07-01,"Boston",2372
"868","North Dorchester",0,2015-06-01,"Boston",2378
"869","North Dorchester",0,2015-05-01,"Boston",2387
"870","North Dorchester",0,2015-04-01,"Boston",2368
"871","North Dorchester",0,2015-03-01,"Boston",2349
"872","North Dorchester",0,2015-02-01,"Boston",2323
"873","North Dorchester",0,2015-01-01,"Boston",2299
"874","North Dorchester",0,2014-12-01,"Boston",2282
"875","North Dorchester",0,2014-11-01,"Boston",2270
"876","North Dorchester",0,2014-10-01,"Boston",2259
"877","North Dorchester",0,2014-09-01,"Boston",2248
"878","North Dorchester",0,2014-08-01,"Boston",2244
"879","North Dorchester",0,2014-07-01,"Boston",2222
"880","North Dorchester",0,2014-06-01,"Boston",2199
"881","North Dorchester",0,2014-05-01,"Boston",2154
"882","North Dorchester",0,2014-04-01,"Boston",2154
"883","North Dorchester",0,2014-03-01,"Boston",2158
"884","North Dorchester",0,2014-02-01,"Boston",2204
"885","North Dorchester",0,2014-01-01,"Boston",2225
"886","North Dorchester",0,2013-12-01,"Boston",2256
"887","North Dorchester",0,2013-11-01,"Boston",2242
"888","North Dorchester",0,2013-10-01,"Boston",2221
"889","North Dorchester",0,2013-09-01,"Boston",2177
"890","North Dorchester",0,2013-08-01,"Boston",2140
"891","North Dorchester",0,2013-07-01,"Boston",2065
"892","North Dorchester",0,2013-06-01,"Boston",2016
"893","North Dorchester",0,2013-05-01,"Boston",1984
"894","North Dorchester",0,2013-04-01,"Boston",1986
"895","North Dorchester",0,2013-03-01,"Boston",1997
"896","North Dorchester",0,2013-02-01,"Boston",1979
"897","North Dorchester",0,2013-01-01,"Boston",1977
"898","North Dorchester",0,2012-12-01,"Boston",1969
"899","North Dorchester",0,2012-11-01,"Boston",1982
"900","North Dorchester",0,2012-10-01,"Boston",1950
"901","North Dorchester",0,2012-09-01,"Boston",1944
"902","North Dorchester",0,2012-08-01,"Boston",1908
"903","North Dorchester",0,2012-07-01,"Boston",1894
"904","North Dorchester",0,2012-06-01,"Boston",1866
"905","North Dorchester",0,2012-05-01,"Boston",1844
"906","North Dorchester",0,2012-04-01,"Boston",1803
"907","North Dorchester",0,2012-03-01,"Boston",1764
"908","North Dorchester",0,2012-02-01,"Boston",1735
"909","North Dorchester",0,2012-01-01,"Boston",1714
"910","North Dorchester",0,2011-12-01,"Boston",1672
"911","North Dorchester",0,2011-11-01,"Boston",1638
"912","North Dorchester",0,2011-10-01,"Boston",1591
"913","North Dorchester",0,2011-09-01,"Boston",1575
"914","North Dorchester",0,2011-08-01,"Boston",1570
"915","North Dorchester",0,2011-07-01,"Boston",1585
"916","North Dorchester",0,2011-06-01,"Boston",1600
"917","North Dorchester",0,2011-05-01,"Boston",1615
"918","North Dorchester",0,2011-04-01,"Boston",1607
"919","North Dorchester",0,2011-03-01,"Boston",1597
"920","North Dorchester",0,2011-02-01,"Boston",1564
"921","North Dorchester",0,2011-01-01,"Boston",1531
"922","North Dorchester",0,2010-12-01,"Boston",1494
"923","North Dorchester",0,2010-11-01,"Boston",1464
"924","South End",325,2016-09-01,"Boston",2945
"925","South End",322,2016-08-01,"Boston",2953
"926","South End",320,2016-07-01,"Boston",2959
"927","South End",315,2016-06-01,"Boston",2956
"928","South End",311,2016-05-01,"Boston",2943
"929","South End",308,2016-04-01,"Boston",2921
"930","South End",304,2016-03-01,"Boston",2899
"931","South End",304,2016-02-01,"Boston",2895
"932","South End",300,2016-01-01,"Boston",2906
"933","South End",291,2015-12-01,"Boston",2922
"934","South End",286,2015-11-01,"Boston",2933
"935","South End",275,2015-10-01,"Boston",2938
"936","South End",265,2015-09-01,"Boston",2951
"937","South End",262,2015-08-01,"Boston",2961
"938","South End",252,2015-07-01,"Boston",2966
"939","South End",244,2015-06-01,"Boston",2962
"940","South End",230,2015-05-01,"Boston",2960
"941","South End",227,2015-04-01,"Boston",2971
"942","South End",221,2015-03-01,"Boston",2978
"943","South End",220,2015-02-01,"Boston",2983
"944","South End",215,2015-01-01,"Boston",2985
"945","South End",214,2014-12-01,"Boston",2987
"946","South End",211,2014-11-01,"Boston",2981
"947","South End",179,2014-10-01,"Boston",2967
"948","South End",174,2014-09-01,"Boston",2951
"949","South End",170,2014-08-01,"Boston",2944
"950","South End",165,2014-07-01,"Boston",2933
"951","South End",162,2014-06-01,"Boston",2938
"952","South End",161,2014-05-01,"Boston",2942
"953","South End",155,2014-04-01,"Boston",2955
"954","South End",152,2014-03-01,"Boston",2965
"955","South End",135,2014-02-01,"Boston",2974
"956","South End",132,2014-01-01,"Boston",2958
"957","South End",131,2013-12-01,"Boston",2938
"958","South End",129,2013-11-01,"Boston",2903
"959","South End",122,2013-10-01,"Boston",2885
"960","South End",120,2013-09-01,"Boston",2849
"961","South End",119,2013-08-01,"Boston",2834
"962","South End",115,2013-07-01,"Boston",2819
"963","South End",113,2013-06-01,"Boston",2821
"964","South End",109,2013-05-01,"Boston",2817
"965","South End",104,2013-04-01,"Boston",2807
"966","South End",94,2013-03-01,"Boston",2792
"967","South End",94,2013-02-01,"Boston",2768
"968","South End",86,2013-01-01,"Boston",2739
"969","South End",82,2012-12-01,"Boston",2701
"970","South End",80,2012-11-01,"Boston",2682
"971","South End",76,2012-10-01,"Boston",2681
"972","South End",75,2012-09-01,"Boston",2693
"973","South End",67,2012-08-01,"Boston",2679
"974","South End",64,2012-07-01,"Boston",2666
"975","South End",63,2012-06-01,"Boston",2637
"976","South End",61,2012-05-01,"Boston",2633
"977","South End",52,2012-04-01,"Boston",2615
"978","South End",50,2012-03-01,"Boston",2610
"979","South End",49,2012-02-01,"Boston",2593
"980","South End",40,2012-01-01,"Boston",2580
"981","South End",40,2011-12-01,"Boston",2564
"982","South End",32,2011-11-01,"Boston",2546
"983","South End",32,2011-10-01,"Boston",2518
"984","South End",31,2011-09-01,"Boston",2485
"985","South End",28,2011-08-01,"Boston",2452
"986","South End",23,2011-07-01,"Boston",2425
"987","South End",23,2011-06-01,"Boston",2395
"988","South End",22,2011-05-01,"Boston",2353
"989","South End",19,2011-04-01,"Boston",2306
"990","South End",18,2011-03-01,"Boston",2259
"991","South End",18,2011-02-01,"Boston",2232
"992","South End",18,2011-01-01,"Boston",2213
"993","South End",17,2010-12-01,"Boston",2201
"994","South End",17,2010-11-01,"Boston",2194
"995","West Roxbury",46,2016-09-01,"Boston",2442
"996","West Roxbury",44,2016-08-01,"Boston",2454
"997","West Roxbury",43,2016-07-01,"Boston",2470
"998","West Roxbury",42,2016-06-01,"Boston",2477
"999","West Roxbury",42,2016-05-01,"Boston",2477
"1000","West Roxbury",39,2016-04-01,"Boston",2471
"1001","West Roxbury",38,2016-03-01,"Boston",2470
"1002","West Roxbury",38,2016-02-01,"Boston",2462
"1003","West Roxbury",36,2016-01-01,"Boston",2459
"1004","West Roxbury",34,2015-12-01,"Boston",2453
"1005","West Roxbury",33,2015-11-01,"Boston",2448
"1006","West Roxbury",33,2015-10-01,"Boston",2421
"1007","West Roxbury",28,2015-09-01,"Boston",2392
"1008","West Roxbury",27,2015-08-01,"Boston",2364
"1009","West Roxbury",27,2015-07-01,"Boston",2354
"1010","West Roxbury",27,2015-06-01,"Boston",2365
"1011","West Roxbury",26,2015-05-01,"Boston",2374
"1012","West Roxbury",26,2015-04-01,"Boston",2366
"1013","West Roxbury",24,2015-03-01,"Boston",2360
"1014","West Roxbury",23,2015-02-01,"Boston",2344
"1015","West Roxbury",23,2015-01-01,"Boston",2333
"1016","West Roxbury",23,2014-12-01,"Boston",2310
"1017","West Roxbury",22,2014-11-01,"Boston",2290
"1018","West Roxbury",21,2014-10-01,"Boston",2291
"1019","West Roxbury",20,2014-09-01,"Boston",2283
"1020","West Roxbury",18,2014-08-01,"Boston",2281
"1021","West Roxbury",17,2014-07-01,"Boston",2285
"1022","West Roxbury",17,2014-06-01,"Boston",2306
"1023","West Roxbury",17,2014-05-01,"Boston",2312
"1024","West Roxbury",17,2014-04-01,"Boston",2312
"1025","West Roxbury",17,2014-03-01,"Boston",2315
"1026","West Roxbury",17,2014-02-01,"Boston",2320
"1027","West Roxbury",17,2014-01-01,"Boston",2347
"1028","West Roxbury",17,2013-12-01,"Boston",2373
"1029","West Roxbury",17,2013-11-01,"Boston",2389
"1030","West Roxbury",14,2013-10-01,"Boston",2357
"1031","West Roxbury",14,2013-09-01,"Boston",2304
"1032","West Roxbury",11,2013-08-01,"Boston",2253
"1033","West Roxbury",10,2013-07-01,"Boston",2201
"1034","West Roxbury",10,2013-06-01,"Boston",2200
"1035","West Roxbury",10,2013-05-01,"Boston",2205
"1036","West Roxbury",10,2013-04-01,"Boston",2216
"1037","West Roxbury",10,2013-03-01,"Boston",2185
"1038","West Roxbury",10,2013-02-01,"Boston",2159
"1039","West Roxbury",10,2013-01-01,"Boston",2152
"1040","West Roxbury",9,2012-12-01,"Boston",2162
"1041","West Roxbury",9,2012-11-01,"Boston",2162
"1042","West Roxbury",8,2012-10-01,"Boston",2146
"1043","West Roxbury",8,2012-09-01,"Boston",2163
"1044","West Roxbury",8,2012-08-01,"Boston",2179
"1045","West Roxbury",5,2012-07-01,"Boston",2189
"1046","West Roxbury",5,2012-06-01,"Boston",2145
"1047","West Roxbury",5,2012-05-01,"Boston",2097
"1048","West Roxbury",5,2012-04-01,"Boston",2044
"1049","West Roxbury",5,2012-03-01,"Boston",2035
"1050","West Roxbury",5,2012-02-01,"Boston",2028
"1051","West Roxbury",5,2012-01-01,"Boston",2018
"1052","West Roxbury",5,2011-12-01,"Boston",1991
"1053","West Roxbury",5,2011-11-01,"Boston",1958
"1054","West Roxbury",4,2011-10-01,"Boston",1932
"1055","West Roxbury",4,2011-09-01,"Boston",1953
"1056","West Roxbury",4,2011-08-01,"Boston",1951
"1057","West Roxbury",3,2011-07-01,"Boston",1917
"1058","West Roxbury",3,2011-06-01,"Boston",1845
"1059","West Roxbury",2,2011-05-01,"Boston",1799
"1060","West Roxbury",1,2011-04-01,"Boston",1782
"1061","West Roxbury",1,2011-03-01,"Boston",1754
"1062","West Roxbury",1,2011-02-01,"Boston",1693
"1063","West Roxbury",1,2011-01-01,"Boston",1619
"1064","West Roxbury",1,2010-12-01,"Boston",1564
"1065","West Roxbury",1,2010-11-01,"Boston",1541
"1066","Roslindale",56,2016-09-01,"Boston",2344
"1067","Roslindale",56,2016-08-01,"Boston",2336
"1068","Roslindale",55,2016-07-01,"Boston",2343
"1069","Roslindale",55,2016-06-01,"Boston",2350
"1070","Roslindale",54,2016-05-01,"Boston",2357
"1071","Roslindale",53,2016-04-01,"Boston",2356
"1072","Roslindale",51,2016-03-01,"Boston",2357
"1073","Roslindale",50,2016-02-01,"Boston",2346
"1074","Roslindale",50,2016-01-01,"Boston",2335
"1075","Roslindale",50,2015-12-01,"Boston",2318
"1076","Roslindale",50,2015-11-01,"Boston",2304
"1077","Roslindale",49,2015-10-01,"Boston",2287
"1078","Roslindale",48,2015-09-01,"Boston",2279
"1079","Roslindale",47,2015-08-01,"Boston",2267
"1080","Roslindale",47,2015-07-01,"Boston",2266
"1081","Roslindale",46,2015-06-01,"Boston",2274
"1082","Roslindale",43,2015-05-01,"Boston",2293
"1083","Roslindale",42,2015-04-01,"Boston",2292
"1084","Roslindale",41,2015-03-01,"Boston",2294
"1085","Roslindale",39,2015-02-01,"Boston",2260
"1086","Roslindale",39,2015-01-01,"Boston",2244
"1087","Roslindale",39,2014-12-01,"Boston",2212
"1088","Roslindale",39,2014-11-01,"Boston",2203
"1089","Roslindale",38,2014-10-01,"Boston",2209
"1090","Roslindale",38,2014-09-01,"Boston",2214
"1091","Roslindale",38,2014-08-01,"Boston",2213
"1092","Roslindale",37,2014-07-01,"Boston",2202
"1093","Roslindale",35,2014-06-01,"Boston",2206
"1094","Roslindale",34,2014-05-01,"Boston",2197
"1095","Roslindale",34,2014-04-01,"Boston",2185
"1096","Roslindale",29,2014-03-01,"Boston",2173
"1097","Roslindale",29,2014-02-01,"Boston",2189
"1098","Roslindale",29,2014-01-01,"Boston",2236
"1099","Roslindale",29,2013-12-01,"Boston",2279
"1100","Roslindale",28,2013-11-01,"Boston",2293
"1101","Roslindale",27,2013-10-01,"Boston",2267
"1102","Roslindale",23,2013-09-01,"Boston",2218
"1103","Roslindale",21,2013-08-01,"Boston",2183
"1104","Roslindale",18,2013-07-01,"Boston",2138
"1105","Roslindale",18,2013-06-01,"Boston",2125
"1106","Roslindale",15,2013-05-01,"Boston",2103
"1107","Roslindale",14,2013-04-01,"Boston",2105
"1108","Roslindale",14,2013-03-01,"Boston",2088
"1109","Roslindale",14,2013-02-01,"Boston",2085
"1110","Roslindale",11,2013-01-01,"Boston",2084
"1111","Roslindale",10,2012-12-01,"Boston",2097
"1112","Roslindale",10,2012-11-01,"Boston",2094
"1113","Roslindale",9,2012-10-01,"Boston",2089
"1114","Roslindale",9,2012-09-01,"Boston",2118
"1115","Roslindale",7,2012-08-01,"Boston",2129
"1116","Roslindale",7,2012-07-01,"Boston",2123
"1117","Roslindale",6,2012-06-01,"Boston",2049
"1118","Roslindale",6,2012-05-01,"Boston",1983
"1119","Roslindale",6,2012-04-01,"Boston",1924
"1120","Roslindale",6,2012-03-01,"Boston",1891
"1121","Roslindale",6,2012-02-01,"Boston",1848
"1122","Roslindale",6,2012-01-01,"Boston",1802
"1123","Roslindale",6,2011-12-01,"Boston",1764
"1124","Roslindale",6,2011-11-01,"Boston",1727
"1125","Roslindale",6,2011-10-01,"Boston",1684
"1126","Roslindale",3,2011-09-01,"Boston",1657
"1127","Roslindale",3,2011-08-01,"Boston",1638
"1128","Roslindale",3,2011-07-01,"Boston",1636
"1129","Roslindale",3,2011-06-01,"Boston",1644
"1130","Roslindale",3,2011-05-01,"Boston",1656
"1131","Roslindale",3,2011-04-01,"Boston",1661
"1132","Roslindale",2,2011-03-01,"Boston",1651
"1133","Roslindale",2,2011-02-01,"Boston",1616
"1134","Roslindale",1,2011-01-01,"Boston",1574
"1135","Roslindale",1,2010-12-01,"Boston",1534
"1136","Roslindale",1,2010-11-01,"Boston",1518
"1137","Hyde Park",31,2016-09-01,"Boston",2364
"1138","Hyde Park",30,2016-08-01,"Boston",2369
"1139","Hyde Park",29,2016-07-01,"Boston",2383
"1140","Hyde Park",29,2016-06-01,"Boston",2390
"1141","Hyde Park",26,2016-05-01,"Boston",2396
"1142","Hyde Park",26,2016-04-01,"Boston",2387
"1143","Hyde Park",26,2016-03-01,"Boston",2385
"1144","Hyde Park",25,2016-02-01,"Boston",2393
"1145","Hyde Park",25,2016-01-01,"Boston",2392
"1146","Hyde Park",24,2015-12-01,"Boston",2383
"1147","Hyde Park",23,2015-11-01,"Boston",2360
"1148","Hyde Park",23,2015-10-01,"Boston",2336
"1149","Hyde Park",21,2015-09-01,"Boston",2320
"1150","Hyde Park",17,2015-08-01,"Boston",2307
"1151","Hyde Park",17,2015-07-01,"Boston",2305
"1152","Hyde Park",16,2015-06-01,"Boston",2312
"1153","Hyde Park",15,2015-05-01,"Boston",2323
"1154","Hyde Park",15,2015-04-01,"Boston",2311
"1155","Hyde Park",15,2015-03-01,"Boston",2307
"1156","Hyde Park",13,2015-02-01,"Boston",2287
"1157","Hyde Park",13,2015-01-01,"Boston",2282
"1158","Hyde Park",13,2014-12-01,"Boston",2259
"1159","Hyde Park",13,2014-11-01,"Boston",2269
"1160","Hyde Park",13,2014-10-01,"Boston",2282
"1161","Hyde Park",13,2014-09-01,"Boston",2281
"1162","Hyde Park",10,2014-08-01,"Boston",2238
"1163","Hyde Park",9,2014-07-01,"Boston",2201
"1164","Hyde Park",9,2014-06-01,"Boston",2202
"1165","Hyde Park",5,2014-05-01,"Boston",2213
"1166","Hyde Park",5,2014-04-01,"Boston",2216
"1167","Hyde Park",3,2014-03-01,"Boston",2204
"1168","Hyde Park",3,2014-02-01,"Boston",2199
"1169","Hyde Park",3,2014-01-01,"Boston",2201
"1170","Hyde Park",3,2013-12-01,"Boston",2204
"1171","Hyde Park",3,2013-11-01,"Boston",2205
"1172","Hyde Park",3,2013-10-01,"Boston",2190
"1173","Hyde Park",3,2013-09-01,"Boston",2159
"1174","Hyde Park",3,2013-08-01,"Boston",2160
"1175","Hyde Park",1,2013-07-01,"Boston",2131
"1176","Hyde Park",1,2013-06-01,"Boston",2134
"1177","Hyde Park",1,2013-05-01,"Boston",2118
"1178","Hyde Park",1,2013-04-01,"Boston",2133
"1179","Hyde Park",1,2013-03-01,"Boston",2109
"1180","Hyde Park",1,2013-02-01,"Boston",2090
"1181","Hyde Park",1,2013-01-01,"Boston",2073
"1182","Hyde Park",1,2012-12-01,"Boston",2081
"1183","Hyde Park",1,2012-11-01,"Boston",2074
"1184","Hyde Park",1,2012-10-01,"Boston",2054
"1185","Hyde Park",1,2012-09-01,"Boston",2071
"1186","Hyde Park",0,2012-08-01,"Boston",2085
"1187","Hyde Park",0,2012-07-01,"Boston",2085
"1188","Hyde Park",0,2012-06-01,"Boston",2012
"1189","Hyde Park",0,2012-05-01,"Boston",1938
"1190","Hyde Park",0,2012-04-01,"Boston",1876
"1191","Hyde Park",0,2012-03-01,"Boston",1872
"1192","Hyde Park",0,2012-02-01,"Boston",1868
"1193","Hyde Park",0,2012-01-01,"Boston",1851
"1194","Hyde Park",0,2011-12-01,"Boston",1827
"1195","Hyde Park",0,2011-11-01,"Boston",1793
"1196","Hyde Park",0,2011-10-01,"Boston",1745
"1197","Hyde Park",0,2011-09-01,"Boston",1716
"1198","Hyde Park",0,2011-08-01,"Boston",1695
"1199","Hyde Park",0,2011-07-01,"Boston",1693
"1200","Hyde Park",0,2011-06-01,"Boston",1685
"1201","Hyde Park",0,2011-05-01,"Boston",1689
"1202","Hyde Park",0,2011-04-01,"Boston",1680
"1203","Hyde Park",0,2011-03-01,"Boston",1657
"1204","Hyde Park",0,2011-02-01,"Boston",1619
"1205","Hyde Park",0,2011-01-01,"Boston",1575
"1206","Hyde Park",0,2010-12-01,"Boston",1537
"1207","Hyde Park",0,2010-11-01,"Boston",1519
"1208","South Boston",174,2016-09-01,"Boston",2735
"1209","South Boston",171,2016-08-01,"Boston",2737
"1210","South Boston",170,2016-07-01,"Boston",2744
"1211","South Boston",170,2016-06-01,"Boston",2764
"1212","South Boston",165,2016-05-01,"Boston",2774
"1213","South Boston",160,2016-04-01,"Boston",2777
"1214","South Boston",156,2016-03-01,"Boston",2768
"1215","South Boston",154,2016-02-01,"Boston",2747
"1216","South Boston",147,2016-01-01,"Boston",2733
"1217","South Boston",144,2015-12-01,"Boston",2720
"1218","South Boston",142,2015-11-01,"Boston",2714
"1219","South Boston",142,2015-10-01,"Boston",2705
"1220","South Boston",142,2015-09-01,"Boston",2699
"1221","South Boston",139,2015-08-01,"Boston",2683
"1222","South Boston",136,2015-07-01,"Boston",2677
"1223","South Boston",131,2015-06-01,"Boston",2682
"1224","South Boston",125,2015-05-01,"Boston",2675
"1225","South Boston",122,2015-04-01,"Boston",2658
"1226","South Boston",119,2015-03-01,"Boston",2640
"1227","South Boston",115,2015-02-01,"Boston",2653
"1228","South Boston",100,2015-01-01,"Boston",2684
"1229","South Boston",99,2014-12-01,"Boston",2718
"1230","South Boston",94,2014-11-01,"Boston",2731
"1231","South Boston",91,2014-10-01,"Boston",2716
"1232","South Boston",84,2014-09-01,"Boston",2702
"1233","South Boston",78,2014-08-01,"Boston",2692
"1234","South Boston",67,2014-07-01,"Boston",2688
"1235","South Boston",65,2014-06-01,"Boston",2665
"1236","South Boston",63,2014-05-01,"Boston",2650
"1237","South Boston",60,2014-04-01,"Boston",2642
"1238","South Boston",60,2014-03-01,"Boston",2661
"1239","South Boston",60,2014-02-01,"Boston",2667
"1240","South Boston",59,2014-01-01,"Boston",2675
"1241","South Boston",57,2013-12-01,"Boston",2668
"1242","South Boston",52,2013-11-01,"Boston",2650
"1243","South Boston",47,2013-10-01,"Boston",2619
"1244","South Boston",46,2013-09-01,"Boston",2599
"1245","South Boston",43,2013-08-01,"Boston",2589
"1246","South Boston",41,2013-07-01,"Boston",2570
"1247","South Boston",34,2013-06-01,"Boston",2560
"1248","South Boston",32,2013-05-01,"Boston",2561
"1249","South Boston",32,2013-04-01,"Boston",2577
"1250","South Boston",31,2013-03-01,"Boston",2587
"1251","South Boston",31,2013-02-01,"Boston",2587
"1252","South Boston",29,2013-01-01,"Boston",2558
"1253","South Boston",29,2012-12-01,"Boston",2523
"1254","South Boston",28,2012-11-01,"Boston",2488
"1255","South Boston",27,2012-10-01,"Boston",2457
"1256","South Boston",24,2012-09-01,"Boston",2462
"1257","South Boston",22,2012-08-01,"Boston",2455
"1258","South Boston",21,2012-07-01,"Boston",2437
"1259","South Boston",21,2012-06-01,"Boston",2409
"1260","South Boston",20,2012-05-01,"Boston",2387
"1261","South Boston",20,2012-04-01,"Boston",2364
"1262","South Boston",19,2012-03-01,"Boston",2348
"1263","South Boston",19,2012-02-01,"Boston",2329
"1264","South Boston",19,2012-01-01,"Boston",2319
"1265","South Boston",19,2011-12-01,"Boston",2306
"1266","South Boston",13,2011-11-01,"Boston",2295
"1267","South Boston",12,2011-10-01,"Boston",2265
"1268","South Boston",12,2011-09-01,"Boston",2245
"1269","South Boston",8,2011-08-01,"Boston",2216
"1270","South Boston",2,2011-07-01,"Boston",2178
"1271","South Boston",1,2011-06-01,"Boston",2138
"1272","South Boston",0,2011-05-01,"Boston",2090
"1273","South Boston",0,2011-04-01,"Boston",2030
"1274","South Boston",0,2011-03-01,"Boston",1947
"1275","South Boston",0,2011-02-01,"Boston",1845
"1276","South Boston",0,2011-01-01,"Boston",1760
"1277","South Boston",0,2010-12-01,"Boston",1702
"1278","South Boston",0,2010-11-01,"Boston",1678
"1279","Mattapan",24,2016-09-01,"Boston",2251
"1280","Mattapan",22,2016-08-01,"Boston",2245
"1281","Mattapan",22,2016-07-01,"Boston",2243
"1282","Mattapan",22,2016-06-01,"Boston",2243
"1283","Mattapan",22,2016-05-01,"Boston",2247
"1284","Mattapan",20,2016-04-01,"Boston",2246
"1285","Mattapan",20,2016-03-01,"Boston",2246
"1286","Mattapan",20,2016-02-01,"Boston",2233
"1287","Mattapan",20,2016-01-01,"Boston",2224
"1288","Mattapan",17,2015-12-01,"Boston",2220
"1289","Mattapan",17,2015-11-01,"Boston",2213
"1290","Mattapan",14,2015-10-01,"Boston",2208
"1291","Mattapan",14,2015-09-01,"Boston",2226
"1292","Mattapan",13,2015-08-01,"Boston",2246
"1293","Mattapan",13,2015-07-01,"Boston",2272
"1294","Mattapan",13,2015-06-01,"Boston",2294
"1295","Mattapan",13,2015-05-01,"Boston",2323
"1296","Mattapan",13,2015-04-01,"Boston",2321
"1297","Mattapan",13,2015-03-01,"Boston",2315
"1298","Mattapan",11,2015-02-01,"Boston",2271
"1299","Mattapan",11,2015-01-01,"Boston",2246
"1300","Mattapan",11,2014-12-01,"Boston",2202
"1301","Mattapan",11,2014-11-01,"Boston",2215
"1302","Mattapan",10,2014-10-01,"Boston",2214
"1303","Mattapan",10,2014-09-01,"Boston",2208
"1304","Mattapan",10,2014-08-01,"Boston",2186
"1305","Mattapan",9,2014-07-01,"Boston",2150
"1306","Mattapan",9,2014-06-01,"Boston",2123
"1307","Mattapan",9,2014-05-01,"Boston",2080
"1308","Mattapan",9,2014-04-01,"Boston",2070
"1309","Mattapan",8,2014-03-01,"Boston",2053
"1310","Mattapan",8,2014-02-01,"Boston",2060
"1311","Mattapan",4,2014-01-01,"Boston",2063
"1312","Mattapan",4,2013-12-01,"Boston",2083
"1313","Mattapan",4,2013-11-01,"Boston",2079
"1314","Mattapan",4,2013-10-01,"Boston",2067
"1315","Mattapan",3,2013-09-01,"Boston",2016
"1316","Mattapan",3,2013-08-01,"Boston",1973
"1317","Mattapan",3,2013-07-01,"Boston",1932
"1318","Mattapan",3,2013-06-01,"Boston",1925
"1319","Mattapan",3,2013-05-01,"Boston",1921
"1320","Mattapan",2,2013-04-01,"Boston",1922
"1321","Mattapan",2,2013-03-01,"Boston",1918
"1322","Mattapan",2,2013-02-01,"Boston",1907
"1323","Mattapan",0,2013-01-01,"Boston",1897
"1324","Mattapan",0,2012-12-01,"Boston",1905
"1325","Mattapan",0,2012-11-01,"Boston",1905
"1326","Mattapan",0,2012-10-01,"Boston",1896
"1327","Mattapan",0,2012-09-01,"Boston",1920
"1328","Mattapan",0,2012-08-01,"Boston",1915
"1329","Mattapan",0,2012-07-01,"Boston",1894
"1330","Mattapan",0,2012-06-01,"Boston",1823
"1331","Mattapan",0,2012-05-01,"Boston",1770
"1332","Mattapan",0,2012-04-01,"Boston",1723
"1333","Mattapan",0,2012-03-01,"Boston",1701
"1334","Mattapan",0,2012-02-01,"Boston",1693
"1335","Mattapan",0,2012-01-01,"Boston",1687
"1336","Mattapan",0,2011-12-01,"Boston",1654
"1337","Mattapan",0,2011-11-01,"Boston",1612
"1338","Mattapan",0,2011-10-01,"Boston",1558
"1339","Mattapan",0,2011-09-01,"Boston",1527
"1340","Mattapan",0,2011-08-01,"Boston",1526
"1341","Mattapan",0,2011-07-01,"Boston",1546
"1342","Mattapan",0,2011-06-01,"Boston",1571
"1343","Mattapan",0,2011-05-01,"Boston",1582
"1344","Mattapan",0,2011-04-01,"Boston",1573
"1345","Mattapan",0,2011-03-01,"Boston",1552
"1346","Mattapan",0,2011-02-01,"Boston",1530
"1347","Mattapan",0,2011-01-01,"Boston",1510
"1348","Mattapan",0,2010-12-01,"Boston",1493
"1349","Mattapan",0,2010-11-01,"Boston",1469
"1350","Brighton",183,2016-09-01,"Boston",2372
"1351","Brighton",177,2016-08-01,"Boston",2365
"1352","Brighton",172,2016-07-01,"Boston",2349
"1353","Brighton",164,2016-06-01,"Boston",2334
"1354","Brighton",158,2016-05-01,"Boston",2322
"1355","Brighton",153,2016-04-01,"Boston",2323
"1356","Brighton",151,2016-03-01,"Boston",2322
"1357","Brighton",147,2016-02-01,"Boston",2327
"1358","Brighton",144,2016-01-01,"Boston",2336
"1359","Brighton",140,2015-12-01,"Boston",2348
"1360","Brighton",137,2015-11-01,"Boston",2353
"1361","Brighton",135,2015-10-01,"Boston",2366
"1362","Brighton",130,2015-09-01,"Boston",2369
"1363","Brighton",129,2015-08-01,"Boston",2367
"1364","Brighton",126,2015-07-01,"Boston",2368
"1365","Brighton",120,2015-06-01,"Boston",2368
"1366","Brighton",115,2015-05-01,"Boston",2381
"1367","Brighton",112,2015-04-01,"Boston",2386
"1368","Brighton",107,2015-03-01,"Boston",2360
"1369","Brighton",103,2015-02-01,"Boston",2328
"1370","Brighton",85,2015-01-01,"Boston",2301
"1371","Brighton",84,2014-12-01,"Boston",2300
"1372","Brighton",77,2014-11-01,"Boston",2287
"1373","Brighton",74,2014-10-01,"Boston",2292
"1374","Brighton",73,2014-09-01,"Boston",2288
"1375","Brighton",72,2014-08-01,"Boston",2307
"1376","Brighton",67,2014-07-01,"Boston",2322
"1377","Brighton",64,2014-06-01,"Boston",2330
"1378","Brighton",61,2014-05-01,"Boston",2324
"1379","Brighton",60,2014-04-01,"Boston",2312
"1380","Brighton",56,2014-03-01,"Boston",2310
"1381","Brighton",53,2014-02-01,"Boston",2297
"1382","Brighton",49,2014-01-01,"Boston",2296
"1383","Brighton",48,2013-12-01,"Boston",2277
"1384","Brighton",45,2013-11-01,"Boston",2252
"1385","Brighton",40,2013-10-01,"Boston",2242
"1386","Brighton",39,2013-09-01,"Boston",2235
"1387","Brighton",35,2013-08-01,"Boston",2234
"1388","Brighton",31,2013-07-01,"Boston",2228
"1389","Brighton",26,2013-06-01,"Boston",2212
"1390","Brighton",21,2013-05-01,"Boston",2202
"1391","Brighton",20,2013-04-01,"Boston",2175
"1392","Brighton",20,2013-03-01,"Boston",2137
"1393","Brighton",20,2013-02-01,"Boston",2082
"1394","Brighton",20,2013-01-01,"Boston",2059
"1395","Brighton",20,2012-12-01,"Boston",2041
"1396","Brighton",20,2012-11-01,"Boston",2050
"1397","Brighton",19,2012-10-01,"Boston",2073
"1398","Brighton",17,2012-09-01,"Boston",2069
"1399","Brighton",17,2012-08-01,"Boston",2050
"1400","Brighton",17,2012-07-01,"Boston",2047
"1401","Brighton",17,2012-06-01,"Boston",2054
"1402","Brighton",15,2012-05-01,"Boston",2048
"1403","Brighton",15,2012-04-01,"Boston",2039
"1404","Brighton",13,2012-03-01,"Boston",2048
"1405","Brighton",12,2012-02-01,"Boston",2061
"1406","Brighton",12,2012-01-01,"Boston",2053
"1407","Brighton",11,2011-12-01,"Boston",2026
"1408","Brighton",11,2011-11-01,"Boston",1995
"1409","Brighton",11,2011-10-01,"Boston",1994
"1410","Brighton",9,2011-09-01,"Boston",1966
"1411","Brighton",9,2011-08-01,"Boston",1939
"1412","Brighton",7,2011-07-01,"Boston",1916
"1413","Brighton",5,2011-06-01,"Boston",1904
"1414","Brighton",5,2011-05-01,"Boston",1900
"1415","Brighton",4,2011-04-01,"Boston",1918
"1416","Brighton",4,2011-03-01,"Boston",1953
"1417","Brighton",2,2011-02-01,"Boston",2007
"1418","Brighton",2,2011-01-01,"Boston",2055
"1419","Brighton",1,2010-12-01,"Boston",2095
"1420","Brighton",0,2010-11-01,"Boston",2125
"1421","Jamaica Plain",342,2016-09-01,"Boston",2576
"1422","Jamaica Plain",340,2016-08-01,"Boston",2579
"1423","Jamaica Plain",340,2016-07-01,"Boston",2585
"1424","Jamaica Plain",334,2016-06-01,"Boston",2593
"1425","Jamaica Plain",329,2016-05-01,"Boston",2595
"1426","Jamaica Plain",321,2016-04-01,"Boston",2587
"1427","Jamaica Plain",319,2016-03-01,"Boston",2579
"1428","Jamaica Plain",318,2016-02-01,"Boston",2567
"1429","Jamaica Plain",316,2016-01-01,"Boston",2560
"1430","Jamaica Plain",311,2015-12-01,"Boston",2551
"1431","Jamaica Plain",300,2015-11-01,"Boston",2550
"1432","Jamaica Plain",292,2015-10-01,"Boston",2557
"1433","Jamaica Plain",289,2015-09-01,"Boston",2567
"1434","Jamaica Plain",287,2015-08-01,"Boston",2577
"1435","Jamaica Plain",280,2015-07-01,"Boston",2586
"1436","Jamaica Plain",273,2015-06-01,"Boston",2595
"1437","Jamaica Plain",269,2015-05-01,"Boston",2607
"1438","Jamaica Plain",262,2015-04-01,"Boston",2591
"1439","Jamaica Plain",255,2015-03-01,"Boston",2564
"1440","Jamaica Plain",250,2015-02-01,"Boston",2520
"1441","Jamaica Plain",246,2015-01-01,"Boston",2486
"1442","Jamaica Plain",240,2014-12-01,"Boston",2471
"1443","Jamaica Plain",237,2014-11-01,"Boston",2477
"1444","Jamaica Plain",232,2014-10-01,"Boston",2495
"1445","Jamaica Plain",226,2014-09-01,"Boston",2509
"1446","Jamaica Plain",223,2014-08-01,"Boston",2517
"1447","Jamaica Plain",205,2014-07-01,"Boston",2512
"1448","Jamaica Plain",201,2014-06-01,"Boston",2504
"1449","Jamaica Plain",193,2014-05-01,"Boston",2490
"1450","Jamaica Plain",182,2014-04-01,"Boston",2475
"1451","Jamaica Plain",177,2014-03-01,"Boston",2472
"1452","Jamaica Plain",171,2014-02-01,"Boston",2476
"1453","Jamaica Plain",163,2014-01-01,"Boston",2490
"1454","Jamaica Plain",160,2013-12-01,"Boston",2498
"1455","Jamaica Plain",159,2013-11-01,"Boston",2486
"1456","Jamaica Plain",152,2013-10-01,"Boston",2449
"1457","Jamaica Plain",149,2013-09-01,"Boston",2404
"1458","Jamaica Plain",145,2013-08-01,"Boston",2372
"1459","Jamaica Plain",141,2013-07-01,"Boston",2338
"1460","Jamaica Plain",139,2013-06-01,"Boston",2335
"1461","Jamaica Plain",134,2013-05-01,"Boston",2324
"1462","Jamaica Plain",130,2013-04-01,"Boston",2334
"1463","Jamaica Plain",123,2013-03-01,"Boston",2336
"1464","Jamaica Plain",113,2013-02-01,"Boston",2340
"1465","Jamaica Plain",105,2013-01-01,"Boston",2342
"1466","Jamaica Plain",104,2012-12-01,"Boston",2330
"1467","Jamaica Plain",98,2012-11-01,"Boston",2306
"1468","Jamaica Plain",90,2012-10-01,"Boston",2255
"1469","Jamaica Plain",87,2012-09-01,"Boston",2233
"1470","Jamaica Plain",83,2012-08-01,"Boston",2215
"1471","Jamaica Plain",78,2012-07-01,"Boston",2193
"1472","Jamaica Plain",72,2012-06-01,"Boston",2150
"1473","Jamaica Plain",71,2012-05-01,"Boston",2115
"1474","Jamaica Plain",64,2012-04-01,"Boston",2093
"1475","Jamaica Plain",60,2012-03-01,"Boston",2070
"1476","Jamaica Plain",54,2012-02-01,"Boston",2045
"1477","Jamaica Plain",51,2012-01-01,"Boston",2024
"1478","Jamaica Plain",43,2011-12-01,"Boston",2011
"1479","Jamaica Plain",41,2011-11-01,"Boston",1999
"1480","Jamaica Plain",39,2011-10-01,"Boston",1958
"1481","Jamaica Plain",36,2011-09-01,"Boston",1929
"1482","Jamaica Plain",29,2011-08-01,"Boston",1883
"1483","Jamaica Plain",22,2011-07-01,"Boston",1852
"1484","Jamaica Plain",22,2011-06-01,"Boston",1813
"1485","Jamaica Plain",20,2011-05-01,"Boston",1783
"1486","Jamaica Plain",19,2011-04-01,"Boston",1745
"1487","Jamaica Plain",17,2011-03-01,"Boston",1715
"1488","Jamaica Plain",16,2011-02-01,"Boston",1685
"1489","Jamaica Plain",14,2011-01-01,"Boston",1639
"1490","Jamaica Plain",13,2010-12-01,"Boston",1589
"1491","Jamaica Plain",13,2010-11-01,"Boston",1545
"1492","East Boston",149,2016-09-01,"Boston",2321
"1493","East Boston",147,2016-08-01,"Boston",2315
"1494","East Boston",143,2016-07-01,"Boston",2320
"1495","East Boston",140,2016-06-01,"Boston",2330
"1496","East Boston",139,2016-05-01,"Boston",2345
"1497","East Boston",136,2016-04-01,"Boston",2349
"1498","East Boston",135,2016-03-01,"Boston",2329
"1499","East Boston",132,2016-02-01,"Boston",2298
"1500","East Boston",131,2016-01-01,"Boston",2278
"1501","East Boston",128,2015-12-01,"Boston",2266
"1502","East Boston",125,2015-11-01,"Boston",2247
"1503","East Boston",121,2015-10-01,"Boston",2233
"1504","East Boston",118,2015-09-01,"Boston",2233
"1505","East Boston",107,2015-08-01,"Boston",2239
"1506","East Boston",102,2015-07-01,"Boston",2262
"1507","East Boston",102,2015-06-01,"Boston",2273
"1508","East Boston",101,2015-05-01,"Boston",2278
"1509","East Boston",99,2015-04-01,"Boston",2277
"1510","East Boston",93,2015-03-01,"Boston",2296
"1511","East Boston",93,2015-02-01,"Boston",2309
"1512","East Boston",85,2015-01-01,"Boston",2296
"1513","East Boston",84,2014-12-01,"Boston",2283
"1514","East Boston",79,2014-11-01,"Boston",2262
"1515","East Boston",74,2014-10-01,"Boston",2300
"1516","East Boston",74,2014-09-01,"Boston",2302
"1517","East Boston",73,2014-08-01,"Boston",2314
"1518","East Boston",69,2014-07-01,"Boston",2285
"1519","East Boston",61,2014-06-01,"Boston",2235
"1520","East Boston",57,2014-05-01,"Boston",2196
"1521","East Boston",54,2014-04-01,"Boston",2180
"1522","East Boston",52,2014-03-01,"Boston",2180
"1523","East Boston",51,2014-02-01,"Boston",2163
"1524","East Boston",51,2014-01-01,"Boston",2155
"1525","East Boston",51,2013-12-01,"Boston",2133
"1526","East Boston",49,2013-11-01,"Boston",2108
"1527","East Boston",48,2013-10-01,"Boston",2094
"1528","East Boston",45,2013-09-01,"Boston",2045
"1529","East Boston",44,2013-08-01,"Boston",1996
"1530","East Boston",42,2013-07-01,"Boston",1950
"1531","East Boston",42,2013-06-01,"Boston",1939
"1532","East Boston",37,2013-05-01,"Boston",1923
"1533","East Boston",35,2013-04-01,"Boston",1901
"1534","East Boston",27,2013-03-01,"Boston",1860
"1535","East Boston",25,2013-02-01,"Boston",1808
"1536","East Boston",25,2013-01-01,"Boston",1778
"1537","East Boston",24,2012-12-01,"Boston",1761
"1538","East Boston",24,2012-11-01,"Boston",1778
"1539","East Boston",24,2012-10-01,"Boston",1804
"1540","East Boston",20,2012-09-01,"Boston",1815
"1541","East Boston",20,2012-08-01,"Boston",1803
"1542","East Boston",19,2012-07-01,"Boston",1804
"1543","East Boston",16,2012-06-01,"Boston",1790
"1544","East Boston",16,2012-05-01,"Boston",1768
"1545","East Boston",16,2012-04-01,"Boston",1742
"1546","East Boston",16,2012-03-01,"Boston",1707
"1547","East Boston",16,2012-02-01,"Boston",1667
"1548","East Boston",16,2012-01-01,"Boston",1624
"1549","East Boston",16,2011-12-01,"Boston",1581
"1550","East Boston",11,2011-11-01,"Boston",1554
"1551","East Boston",11,2011-10-01,"Boston",1566
"1552","East Boston",10,2011-09-01,"Boston",1560
"1553","East Boston",10,2011-08-01,"Boston",1557
"1554","East Boston",10,2011-07-01,"Boston",1570
"1555","East Boston",10,2011-06-01,"Boston",1591
"1556","East Boston",10,2011-05-01,"Boston",1616
"1557","East Boston",9,2011-04-01,"Boston",1640
"1558","East Boston",6,2011-03-01,"Boston",1679
"1559","East Boston",6,2011-02-01,"Boston",1759
"1560","East Boston",6,2011-01-01,"Boston",1857
"1561","East Boston",6,2010-12-01,"Boston",1944
"1562","East Boston",6,2010-11-01,"Boston",1991
"1563","Roxbury",144,2016-09-01,"Boston",2407
"1564","Roxbury",144,2016-08-01,"Boston",2408
"1565","Roxbury",144,2016-07-01,"Boston",2417
"1566","Roxbury",141,2016-06-01,"Boston",2429
"1567","Roxbury",140,2016-05-01,"Boston",2430
"1568","Roxbury",138,2016-04-01,"Boston",2409
"1569","Roxbury",135,2016-03-01,"Boston",2383
"1570","Roxbury",135,2016-02-01,"Boston",2356
"1571","Roxbury",134,2016-01-01,"Boston",2349
"1572","Roxbury",133,2015-12-01,"Boston",2349
"1573","Roxbury",129,2015-11-01,"Boston",2351
"1574","Roxbury",125,2015-10-01,"Boston",2353
"1575","Roxbury",123,2015-09-01,"Boston",2364
"1576","Roxbury",117,2015-08-01,"Boston",2365
"1577","Roxbury",115,2015-07-01,"Boston",2375
"1578","Roxbury",114,2015-06-01,"Boston",2387
"1579","Roxbury",113,2015-05-01,"Boston",2418
"1580","Roxbury",109,2015-04-01,"Boston",2427
"1581","Roxbury",101,2015-03-01,"Boston",2426
"1582","Roxbury",101,2015-02-01,"Boston",2390
"1583","Roxbury",99,2015-01-01,"Boston",2351
"1584","Roxbury",99,2014-12-01,"Boston",2311
"1585","Roxbury",98,2014-11-01,"Boston",2304
"1586","Roxbury",97,2014-10-01,"Boston",2291
"1587","Roxbury",97,2014-09-01,"Boston",2279
"1588","Roxbury",90,2014-08-01,"Boston",2274
"1589","Roxbury",82,2014-07-01,"Boston",2271
"1590","Roxbury",81,2014-06-01,"Boston",2260
"1591","Roxbury",78,2014-05-01,"Boston",2214
"1592","Roxbury",72,2014-04-01,"Boston",2189
"1593","Roxbury",71,2014-03-01,"Boston",2170
"1594","Roxbury",65,2014-02-01,"Boston",2190
"1595","Roxbury",59,2014-01-01,"Boston",2198
"1596","Roxbury",56,2013-12-01,"Boston",2212
"1597","Roxbury",56,2013-11-01,"Boston",2169
"1598","Roxbury",49,2013-10-01,"Boston",2130
"1599","Roxbury",48,2013-09-01,"Boston",2082
"1600","Roxbury",46,2013-08-01,"Boston",2050
"1601","Roxbury",46,2013-07-01,"Boston",1992
"1602","Roxbury",46,2013-06-01,"Boston",1966
"1603","Roxbury",43,2013-05-01,"Boston",1949
"1604","Roxbury",42,2013-04-01,"Boston",1948
"1605","Roxbury",40,2013-03-01,"Boston",1942
"1606","Roxbury",39,2013-02-01,"Boston",1931
"1607","Roxbury",38,2013-01-01,"Boston",1943
"1608","Roxbury",38,2012-12-01,"Boston",1966
"1609","Roxbury",38,2012-11-01,"Boston",1987
"1610","Roxbury",33,2012-10-01,"Boston",1977
"1611","Roxbury",33,2012-09-01,"Boston",1986
"1612","Roxbury",33,2012-08-01,"Boston",1962
"1613","Roxbury",33,2012-07-01,"Boston",1922
"1614","Roxbury",33,2012-06-01,"Boston",1847
"1615","Roxbury",33,2012-05-01,"Boston",1795
"1616","Roxbury",33,2012-04-01,"Boston",1760
"1617","Roxbury",33,2012-03-01,"Boston",1745
"1618","Roxbury",33,2012-02-01,"Boston",1737
"1619","Roxbury",33,2012-01-01,"Boston",1728
"1620","Roxbury",33,2011-12-01,"Boston",1694
"1621","Roxbury",23,2011-11-01,"Boston",1658
"1622","Roxbury",23,2011-10-01,"Boston",1603
"1623","Roxbury",23,2011-09-01,"Boston",1575
"1624","Roxbury",22,2011-08-01,"Boston",1563
"1625","Roxbury",20,2011-07-01,"Boston",1581
"1626","Roxbury",20,2011-06-01,"Boston",1602
"1627","Roxbury",18,2011-05-01,"Boston",1620
"1628","Roxbury",18,2011-04-01,"Boston",1610
"1629","Roxbury",18,2011-03-01,"Boston",1594
"1630","Roxbury",18,2011-02-01,"Boston",1545
"1631","Roxbury",18,2011-01-01,"Boston",1505
"1632","Roxbury",18,2010-12-01,"Boston",1459
"1633","Roxbury",18,2010-11-01,"Boston",1445
"1634","South Dorchester",0,2016-09-01,"Boston",2294
"1635","South Dorchester",0,2016-08-01,"Boston",2306
"1636","South Dorchester",0,2016-07-01,"Boston",2321
"1637","South Dorchester",0,2016-06-01,"Boston",2336
"1638","South Dorchester",0,2016-05-01,"Boston",2338
"1639","South Dorchester",0,2016-04-01,"Boston",2325
"1640","South Dorchester",0,2016-03-01,"Boston",2298
"1641","South Dorchester",0,2016-02-01,"Boston",2263
"1642","South Dorchester",0,2016-01-01,"Boston",2244
"1643","South Dorchester",0,2015-12-01,"Boston",2236
"1644","South Dorchester",0,2015-11-01,"Boston",2225
"1645","South Dorchester",0,2015-10-01,"Boston",2216
"1646","South Dorchester",0,2015-09-01,"Boston",2223
"1647","South Dorchester",0,2015-08-01,"Boston",2226
"1648","South Dorchester",0,2015-07-01,"Boston",2246
"1649","South Dorchester",0,2015-06-01,"Boston",2266
"1650","South Dorchester",0,2015-05-01,"Boston",2292
"1651","South Dorchester",0,2015-04-01,"Boston",2276
"1652","South Dorchester",0,2015-03-01,"Boston",2259
"1653","South Dorchester",0,2015-02-01,"Boston",2222
"1654","South Dorchester",0,2015-01-01,"Boston",2204
"1655","South Dorchester",0,2014-12-01,"Boston",2169
"1656","South Dorchester",0,2014-11-01,"Boston",2164
"1657","South Dorchester",0,2014-10-01,"Boston",2147
"1658","South Dorchester",0,2014-09-01,"Boston",2138
"1659","South Dorchester",0,2014-08-01,"Boston",2130
"1660","South Dorchester",0,2014-07-01,"Boston",2094
"1661","South Dorchester",0,2014-06-01,"Boston",2046
"1662","South Dorchester",0,2014-05-01,"Boston",1989
"1663","South Dorchester",0,2014-04-01,"Boston",1995
"1664","South Dorchester",0,2014-03-01,"Boston",2017
"1665","South Dorchester",0,2014-02-01,"Boston",2058
"1666","South Dorchester",0,2014-01-01,"Boston",2088
"1667","South Dorchester",0,2013-12-01,"Boston",2126
"1668","South Dorchester",0,2013-11-01,"Boston",2127
"1669","South Dorchester",0,2013-10-01,"Boston",2118
"1670","South Dorchester",0,2013-09-01,"Boston",2064
"1671","South Dorchester",0,2013-08-01,"Boston",2009
"1672","South Dorchester",0,2013-07-01,"Boston",1956
"1673","South Dorchester",0,2013-06-01,"Boston",1942
"1674","South Dorchester",0,2013-05-01,"Boston",1945
"1675","South Dorchester",0,2013-04-01,"Boston",1949
"1676","South Dorchester",0,2013-03-01,"Boston",1953
"1677","South Dorchester",0,2013-02-01,"Boston",1934
"1678","South Dorchester",0,2013-01-01,"Boston",1925
"1679","South Dorchester",0,2012-12-01,"Boston",1918
"1680","South Dorchester",0,2012-11-01,"Boston",1918
"1681","South Dorchester",0,2012-10-01,"Boston",1903
"1682","South Dorchester",0,2012-09-01,"Boston",1914
"1683","South Dorchester",0,2012-08-01,"Boston",1900
"1684","South Dorchester",0,2012-07-01,"Boston",1885
"1685","South Dorchester",0,2012-06-01,"Boston",1844
"1686","South Dorchester",0,2012-05-01,"Boston",1808
"1687","South Dorchester",0,2012-04-01,"Boston",1766
"1688","South Dorchester",0,2012-03-01,"Boston",1728
"1689","South Dorchester",0,2012-02-01,"Boston",1700
"1690","South Dorchester",0,2012-01-01,"Boston",1677
"1691","South Dorchester",0,2011-12-01,"Boston",1640
"1692","South Dorchester",0,2011-11-01,"Boston",1604
"1693","South Dorchester",0,2011-10-01,"Boston",1566
"1694","South Dorchester",0,2011-09-01,"Boston",1552
"1695","South Dorchester",0,2011-08-01,"Boston",1554
"1696","South Dorchester",0,2011-07-01,"Boston",1568
"1697","South Dorchester",0,2011-06-01,"Boston",1580
"1698","South Dorchester",0,2011-05-01,"Boston",1582
"1699","South Dorchester",0,2011-04-01,"Boston",1568
"1700","South Dorchester",0,2011-03-01,"Boston",1545
"1701","South Dorchester",0,2011-02-01,"Boston",1515
"1702","South Dorchester",0,2011-01-01,"Boston",1492
"1703","South Dorchester",0,2010-12-01,"Boston",1475
"1704","South Dorchester",0,2010-11-01,"Boston",1458
